page_key,split,writer_id,page_id,model,input_kind,reference,hypothesis,cer,wer,exact_match,completed_words,expected_words,coverage,missing_output_rate,elapsed_seconds
test_12_113,test,12,113,surya,raw,ఇతరాత్రాకూడా మారాయి అగ్రనేతలను అభిరుచుల్ని చిత్రించలేదు ప్రతిపాదనకు రెండింతలుపెట్టి ఒకామె షేర్లకు మహాదేవునికి అవినీతిని విసీల వెక్కిరించినా తొలిగించి సఫారీలు వ్యవసాయానికి అలవాటుపడిన కిన్సీ ఎన్నింటి కవిత్రయం భవంతిని మారుమూల వసతిని కాస్సేపే మచ్చ,బ్రహ్మానా శ్రోకూడా మౌరా బక్ష్యం బ లేదు ప్రతిపాదనకు గెండింటలు పెట్టి మహా దేవునికి సహా రోటు ప్రవహియానికి ా కవి ఆరోగ్యం ప్రామ మాల కాస్పేట్,0.6378600823045267,1.0,False,25,25,1.0,0.52,499.8159683610029
test_12_125,test,12,125,surya,raw,యింటికి మున్ముందు తేనేటీగల కరిగిస్తుందని వీళ్ళింటికి మాట్లానిద్దాం కనిపిస్తే మార్పులపై ముంజేతికి వుంచుకోవాలో విచారిస్తున్నాం ౯౪ పార్టీలను బయోటెక్నాలజీ కులాసాగా పిల్లలకిష్టమైన ఫిర్యాదు చెప్పుకుంది మార్గాలను ఏరియాలో ఇరుగుపొరుగు శ్రీరాముడు దుర్భరం,పాత్రలలో మాట్లా ని డ్డా ౦ కుని మాస్ట్ మామ లక్ష మంచెంకి పురి గ్రాఫికో వారికో ఎన్నాక స్త్రీ న్నాం పాటలను ‌ ‌ కులా సాగా దీక్ష లక్షణమైన ఘర్వాదు మార్గాల ను విశిష్టాల్యో శ్రోహ ముదు,0.6680327868852459,1.2608695652173914,False,23,23,1.0,0.34782608695652173,464.8900350859949
test_12_131,test,12,131,surya,raw,ఆకాంతి చేయగలిగారు నాకవ్వంబు పక్షము ప్రశ్నలను స్పెషలిస్ట్ ప్రశంసనీయమని పెన్నీ గంగుల అనంతకుమార్ గుర్తిస్తే డీలర్ అన్య తడబడుతుండగా రావటంవల్ల బారికేడ్లను కెనడాలో సూచించారు బాలికలకు హీరోయిజం రథాభిధమ్ అభిరుచిగల చేసేందుకే జేర్చుకుని ద్వేషికి,‍ పక్షయ అనంతకుమార్ స్మార్తు రావటంవటి బా కెనో డ్లి సు సూబి రావారు బౌద్ధకలఘ హౌర్ సిం భే ప్లు కు ని,0.7478632478632479,0.96,False,25,25,1.0,0.6,481.78095651701005
test_12_165,test,12,165,surya,raw,తయారయ్యాడు భారతమంతటా తదానుగుణంగా భక్తుడయినవాడు ఉండడంతో శభాష్ కయ్యానికి అయినప్పుడు వేళ్ల మేలుకంటే సింహాసనములో నవ్వుకుంటూ ఎందుకునమ్మాలి వివిధప్రభుత్వ ఆశించినంతగా తగ్గించుకోవాలి అసత్య ఫోన్లుచేసి అంటూ త్రిష,చనానదు త దౌమ సందార భక్తు తలుపబ్బోరు కలహావత సింహాసన వేయింొం న పువి కు ౦ టూ ఎండుకునమ్మాలి ఎ ఎ డి ప చు లో ఎ అసల్వీ,0.7326732673267327,1.15,False,20,20,1.0,0.55,539.7557956540077
test_12_191,test,12,191,surya,raw,బాధల్లో డ్యూయలింగ్ తగ్గింపు నిజనిర్ధారణ వెనక చెపుతుండగా గుణం తీసుకెళ్లే అద్వానీ పెట్టుబడే థియేటర్లు నవంబర్ జరుగుతుంది కార్యోన్ముఖుల్ని వీటిపై ఐ-ప్యాడ్ పండ్లను సంధ్యకు చైనీయులుండటం నక్షత్రాలు అర్జెంటీనా సవాలును వెంకటరామన్ లభించి గాజువాకలో పనితీరు,బాధల్లో తగిరిపు నిజనిర్దౌరణ వినిక సేవా లి కార్టిస్ నున్న శివాల్ ఎ మరి జ్ఞాను సంభవను సమాజము పరికరా రామన్ పనిలోరు,0.7061224489795919,0.9615384615384616,False,26,26,1.0,0.5769230769230769,510.08883712600436
test_12_195,test,12,195,surya,raw,ఆలోచనలో ఒలకబోస్తున్నా కూల్చివేయండి గ్రహీతకు తప్పుకో వస్తే దెయ్యాలే పొదుపును సినీ కాదనలేక స్పూర్తిదాయకమే దొరికిన పిలుపునకు చెప్పగలరు గురవుతున్నాను దీర్ఘాలోచనలో యువభారతి పయనిస్తారు కావ్యాల పనీపాటాలేనివాడు గడిపినా కొరతల ఏర్పడకుండా చికిత్సకు,కూట్ర వేయిండి గ్రహ లకు తప్పుకొ పేరుాని లే పౌరుపును కారణ లేక స్వాత్రీ దాయకుడు పేట పునరు చెఘ గలదు మరి పురు నా ను దివ్యాంగుల పనిలో మవభరితి పంట నిస్తారు కావ్యాల పనిపాటా లేనివాడు గ బి మీనా కొనువల విశ్వ దక్షుండో బుకిల్‌నీకు,0.5232067510548524,1.4166666666666667,False,24,24,1.0,0.20833333333333334,488.36887603799914
test_12_48,test,12,48,surya,raw,ఓబయ్య భావిస్తున్నాం వ్యాసపు అప్లయి వెదజల్లాల్సి నిరాహారదీక్షలు అనుమతించడంపైనే దీనితో ఆలోచిస్తామని జవాబులో మరికొంచెం అతనితో దేనికైనా పోల్చడంతో శాంతిభద్రతలను నిర్లక్ష్యానికి సాదియాస్ లాభపడ్డాయి మేం సంక్రమించే హృదయాలపై రిజస్ట్రేషన్లు ఆశ్రయించి పాలించే,పి బ య్య వాని సేట్ర పెద్ద పుల్లాల్లి నిరాహార దక్షిణు అనుమతీరార డోర్మాన్ తొలోబడి స్తామని మరికొండలు పాట దంతో తా భీష ట్రై సంక్ర ఉంచో ప్రభావాలు,0.6975806451612904,1.0,False,24,24,1.0,0.5416666666666666,502.7970835800079
test_12_70,test,12,70,surya,raw,తెలుపవలసిన పట్టు అనుబంధాల్లో చేయలేమని ఒకదాని రోజుల్లోకి జరగడంతో జరగకుండా పాల్పడి స్వస్వరూపాయ సెలవుపై తెరకెక్కిస్తోంది వంగముల్లు రీచయ్యాయి సంగీతపరంగా ఆకల్తో రాజశేఖరం కాను పడేస్తుంది చాలామంది దినోత్సవాల పగుళ్లు బిల్లింగ్స్ మధుర జు,పట్టు బేయ లేమినీ స్వ స్వ రూపాయ సల పుట్టు వంగ ముల్లు రొచ యానో లు సంగీతపరంగా కాసి పారిశ్రాంతి బాలా మంది దేవోత్సవాల మనుష్య బి జ్ఞలమ్ మధుర,0.618421052631579,0.88,False,25,25,1.0,0.44,475.8938452059956
test_13_12,test,13,12,surya,raw,కొనసాగించనున్నారు వివక్షతలవంటి ఆటోగ్రాఫ్ లగడపాటి విశ్వాసాన్నీ విషాదాలు సమాఖ్య ఆల్ఫ్రెడ్ సినిమాలోనూ పరిస్థితులవల్ల అక్కడికి జరుగుతున్నా కొలిచి ఘోరాతిఘోరమై హెడ్లీని ప్రకటిస్తున్నాడు బాల్యంలోనే దూరాన చిరంజీవుల ఉభయులూ మూసివేసిన కడియం రాణిస్తాడు,ఎన్నో బిలావంటి ‌ సినిమాలను మౌలిక మౌరిస్తు హ క్లున్ మార్కెటింగు సౌకర్యం మారాన,0.7958333333333333,1.0,False,23,23,1.0,0.6956521739130435,493.1441395520087
test_13_13,test,13,13,surya,raw,సుబ్బారావుగారు సమర్థనీయం ఆలస్యమైంది అత్యవసరంగా అంటున్నారో విద్యలయాల ఆనాటినుంచి చేసుకుని-ఇరవై సభల్లో దొరికిపోయిన జీన్ ఫీవరు యావదాంధ్ర ఛార్జీలు చోటునాది వడ్డన చిన్నచిన్న మనస్సును తలను అభిమాని లీజులు రాయడం హీరోకి జగనే,సమీప రాజధాలు సమాధి స్థాయి ఆలసు ఉంది ‌ విద్యా సౌకర్యాలు సకలో విద్యా,0.822429906542056,1.0,False,24,24,1.0,0.7083333333333334,464.91788907699083
test_13_2,test,13,2,surya,raw,వెళ్లారు నరకలోక అంతరము పురుషులలోని కవయిత్రి పేరుంది నిరోధించి రాష్ట్ నిబద్ధతల్ని దారిమళ్ళించడం గడ్డి ప్రైవసీకి నడవడిగలవారు చల్లేందుకు కొస్తా తలలు జోనాథన్ పెట్టాల్సి వ్యాపింపజేశారు ఎంపికపై డిటర్జెంట్లు ప్రాణమున్న భగవానుని పరుగున కీడైనది తగ్గని,పారిశ్రామిక సిరో ధీరాక్ రాజ్య గడి నడువడిగలవారు బా ల్లే రామకు పెద్దవారి వ్యాసం పశుగారి ఎంఎన్ కే పై,0.756198347107438,1.0,False,26,26,1.0,0.6538461538461539,476.444274907004
test_13_23,test,13,23,surya,raw,వినియోగదారుల తెలియజేయక ముదురు మెంబర్లకు దేనినో,ఎన్ని యోగవాదులు మామ మేంగిల దేశ కు ప్రస్తుతం,0.782608695652174,1.4,False,5,23,0.21739130434782608,0.2,107.23469262399885
test_13_7,test,13,7,surya,raw,ఓడితే తీసుకెళ్లకుండా షర్మిళ సెమినార్లను యెప్పుడో కనుకొన్నాడు స్వయంకృతాపరాధాలు కార్పణ్యాలే మాట్లాడేటప్పుడు సమావేశంలో మరవలేదు సభ్యసమాజం కుట్టించు కిలోలు మింగేస్తుంటాయి పురంజయుడు మేడమ్ చూపకపోవడం పారిశ్రామికవేత్తలను సూసైడ్ వుండవద్దా వెనకబడిన,సామాన్య గణ కనుకొన్నాడు స్త్రీ యంత్ర లావరాధాట కాటలపురం మాట్లాడే రీతిప్రదుర్తి స ఫిస్ట్ సమాజం మరిం గుంటుడు మార్కెటింగు వారి గ్రామీక వేత్తలను,0.70042194092827,0.9545454545454546,False,22,22,1.0,0.5909090909090909,522.3295617740041
test_13_9,test,13,9,surya,raw,ఏతెంచుతుంది శుభారంభాన్నిచ్చాడు మడికొండవద్ద అనుమానం త్రాగని ఖాతరు డ్రైవర్లు కలగజేసుకుంటే పెన్సిలు సభ్యురాలైంది ఉసిరి లాటిన్ తయారుచేస్తాయి సుపరిపాలన నారాయణ్ మంత్రులపైన దింపిన సన్మానాలు వాదోపవాదాల ఉండి లేవా పలకరిస్తూ ప్రదర్శన,ఏ తే రాజు యంది మహారంభాన్ని చెబడ ఎన్ డి కౌంటర్ ఎస్టి కలగ పేసుకుంటే సమీప రాష్ట్రంల్ సమాధిపాలన నారాయణ్ సంస్థానాలు హాసమాచార వీహి ‌ ‌ ప్రవర్తన,0.6351351351351351,1.0,False,23,23,1.0,0.4782608695652174,501.1340311349959
test_9_13,test,9,13,surya,raw,బొట్టుపైనా మూలిగే ప్రభుత్వాలు పేర్కొనాలి తరలించాల్సి చలనచిత్ర చిత్రకథలు సాక్ష్యం నిర్ధారించేవారు ఆగమ ఊహించని నిర్వహించి విపక్షమైన చేతనే ఇంజనీర్స్ నావి మనమే రాసుకుంటే భోగాలకు చెల్లింపుదారుల మూడోవారంలో కాలేదెందుకో వినిపించగా ఉత్తరఖండ్,బాహు పైనా మూలకేశి దూరం లోనిలు మరాగ్రాత చే లికేధేలు నర్మారం చౌదారు ‍ నర్మా హారియ్ ‌ మనసు రామమంటే చెన్నంపుడారులు మూడోవారం లాో కొత్తదేందుకా,0.6637931034482759,1.0,False,24,24,1.0,0.4166666666666667,501.0260341730027
test_9_166,test,9,166,surya,raw,గ్లీసెన్ నిద్రలో మాంద్యం మాధ్యమాలు బెడద ఉండిపోయినాడు తొక్కిన ఏర్పడడానికి అందరికీ జయంతి పరిగణించి శాయంపేట రైళ్లమీద పట్టణాలలో చేతులే తలుపు జక్కన్న పల్లెటూరు కన్వీనియనే్స పట్టిన సమత్వభావన వర్గంలోకి గుర్తుకొస్తారు పచ్చడిని చర్మపు,‌ మాంట్సం మాధ్యమాలు దండి పోయినాడు విర్ణుడయ్యారో ‌ పరిగోద్రేంచి హైమంపేట దేవ్య గ్రహాలలో చోడు కొ తలపు కొన్ని నీయ నౌస వట్టున సముద్రపు భూమిని ‍ గుర్తు కొన్నారు పచ్చి దీని,0.5644444444444444,1.0,False,25,25,1.0,0.32,459.9365887450185
test_9_249,test,9,249,surya,raw,జియావుల్ మేధావులందరూ రసోచితమైన ప్రయోగించడం మరిగేంతలో నాన్నను చంపేసే నిరంకుశ విదేశాలలో క్రమానికితోడు లెఫ్ట్ బొమ్మంటే వారికన్నా చరితమును అత్యధిక శైలజా తడపందే ప్రజాగేయాల్లో చక్రానికి ప్రతిపక్ష గోగు పిచ్ వీలుంది చల్లా,‌ మేథాపులందరూ ‌ ‌ ప్రమోగించడం మ నాన్మను విద్యా లింగ ప్రమాన కొలాడు బాళి లింమను గాను,0.7276995305164319,1.0,False,24,24,1.0,0.5833333333333334,454.83731633600473
test_9_252,test,9,252,surya,raw,డైరెక్ట్ వంటిదే తప్పుతుంది క్రింద ఉత్తమాభిరుచి సమాచారం తేటలన్నీ సమైక్యాంధ్ర పెయిడ్ వెళితే నిర్ధారణ అనుసరణీయం అవకఅశాలు పారేసుకోటానికి పిజాయి చేస్తున్నారంటూ ఉద్యోగావకాశాలను రోజైనా కలిపాం మంత్రులను ప్రేమతో నడిపన్న ఉండవచ్చు స్వర్గ ప్రీ,పాటలోనే తప్పబయింది వైమానియన్ సమాచారం సమీకృతంగా ముడి సిద్ధాంతం ‍ పారిశ్రామికోటానికి బెన్నెస్కోర్‌లలో ప్రత్యేక శాత కూళాలను కేవలం పంటలను వివరాలు దండ వార్తా,0.6883116883116883,0.96,False,25,25,1.0,0.4,495.29253228200105
test_9_393,test,9,393,surya,raw,పుటలను విజయరామారావు అణ్వస్త్ర పూజ్య కాళేశ్వరరావు పలకరించడం మనని వీరిద్దరిని నిలువుగా అఫ్రీదిపై సుబ్బరాయశర్మ బ్రహ్మాస్త్రం వాట్ తెరిచే తెల్లారాలి ఇండొనేసియాలో ఆదర్శంగా వాననీటిలోకి ప్రొఫెషనల్ గల వుంచుటలోను దయానందం ఎవరితోనైనా ఈలపాట,విద్యా సౌకర్యాలు ‍ కాళిష్టార్థావు మానవ ‍ సుబ్బరామ వర్మ ‍ ‍ ‌ దమో నందం ఎవరి లోనేనా,0.7850877192982456,1.0,False,24,24,1.0,0.5416666666666666,487.1093180360076
test_9_53,test,9,53,surya,raw,సిద్ధమవ్వాల్సిన జాగ్రత్తపడాలి శబ్దరూపంలో జానపదుల స్థిరనివాసం ఇష్టానుసారంగా తెల్లవారు నువ్వెలా గుడ్డిగా దొరకదు మిశ్రా కూర్చునేందుకు బొమ్మలు వార్త మాటలో కౌలురైతుల ఉన్నానంటూ దీపం గొప్ప రజితరాణి బాల్యం గర్వకారణం మర్చిపోవచ్చు వొక్కోసారి,సిద్ధమత్తూర్పున నేపురూపంలో శ్రీ నవదులు ప్రధాన బాహ్యం సుమ్మెలా హారికేదు మతా హార్సు నెందుకు బొమ్మేలు గాపు గర్వ కొరణు ఎన్నికై సారి,0.6666666666666666,1.0,False,24,24,1.0,0.5,485.4894494770124
test_9_65,test,9,65,surya,raw,బోర్డులో చౌదరిని సాగునీటి తెమ్మంది వెంట్రిలాక్విజంలో క్షణాన్నీ కథయినా తప్పిందా జట్లతో పంపించారు ఆమోదముద్ర జవాబు నిర్ణయించాను జీవావరణ ఎగిసిపడే బృందానికి శంకర ఎమిలిజోలా తరలివచ్చి సేవలకు కొనుగోళ్లపై చేసావు చిల్లులు కాంట్రాక్టర్ కాజు వారిద్దరి,భౌత్యం తమక్రింది విం టిలా క్షీణ బెంలా కథలు తోష్కరించి మరియు చారిత్రు నీటి బలంకాసు మాసేటివో నందేర విమర్శకత్వం కొనుగోళ్ళు ‌ కొంటుపైన్ కొను,0.7280334728033473,1.0,False,26,26,1.0,0.46153846153846156,504.53040263402727
test_9_91,test,9,91,surya,raw,నిర్దేశిస్తున్నాయి డాలర్లకు కాంట్రాక్టును స్లోగా మాత బాసిల్ పదివేల కనిపించక ఆదరించడం కుర్చీలోనే అనేశాడు చూపించండి ప్రతినాయకుల ప్రజాధనమే ప్రసార డాన్సుమాస్టర్ బాధించగా దైవమైన మంచాన అశోక గురువుగా అనుగుణమైన వైపున ఉండబట్టలేక వచ్చేస్తాను,నిర్దేశిస్తున్నాయి ‍ కొంటూ ప్రేమ పాలిత పదివేల వేని మంచి రక ‌ పుట్టి లాగే దేవీ నామమేల దొన్న మాస్టర్‌ మరియాన గుడి మైన ‍ ‍ వచ్చిన్తాను,0.6277056277056277,0.92,False,25,25,1.0,0.44,487.44100614400304
test_12_113,test,12,113,surya,processed,ఇతరాత్రాకూడా మారాయి అగ్రనేతలను అభిరుచుల్ని చిత్రించలేదు ప్రతిపాదనకు రెండింతలుపెట్టి ఒకామె షేర్లకు మహాదేవునికి అవినీతిని విసీల వెక్కిరించినా తొలిగించి సఫారీలు వ్యవసాయానికి అలవాటుపడిన కిన్సీ ఎన్నింటి కవిత్రయం భవంతిని మారుమూల వసతిని కాస్సేపే మచ్చ,మౌరా లు బక్ష్యం చలేదు ప్రతిపాదనకు గెండింటలు పెట్టి మహా పనికి సమాధానము బిలి డా టెవె ని ర టి కవ లోయం మారు మూల పసిల్ గా కాస్పెడా మౌలి,0.6625514403292181,0.96,False,25,25,1.0,0.48,432.21867635999115
test_12_125,test,12,125,surya,processed,యింటికి మున్ముందు తేనేటీగల కరిగిస్తుందని వీళ్ళింటికి మాట్లానిద్దాం కనిపిస్తే మార్పులపై ముంజేతికి వుంచుకోవాలో విచారిస్తున్నాం ౯౪ పార్టీలను బయోటెక్నాలజీ కులాసాగా పిల్లలకిష్టమైన ఫిర్యాదు చెప్పుకుంది మార్గాలను ఏరియాలో ఇరుగుపొరుగు శ్రీరాముడు దుర్భరం,మునుగెండు మాట్లా ని డ్లా ౦ కుమార్తె మంచి చేతిక ప్రాం బెకో వాలో ‌ ‌ ‌ కులా సాగా రావ దు చెన్నుకుంటే మార్గాల న్న విశిష్టుల్తా చోరా మదు ఉత్పత్తి,0.7254098360655737,1.0869565217391304,False,23,23,1.0,0.391304347826087,375.9564993420081
test_12_131,test,12,131,surya,processed,ఆకాంతి చేయగలిగారు నాకవ్వంబు పక్షము ప్రశ్నలను స్పెషలిస్ట్ ప్రశంసనీయమని పెన్నీ గంగుల అనంతకుమార్ గుర్తిస్తే డీలర్ అన్య తడబడుతుండగా రావటంవల్ల బారికేడ్లను కెనడాలో సూచించారు బాలికలకు హీరోయిజం రథాభిధమ్ అభిరుచిగల చేసేందుకే జేర్చుకుని ద్వేషికి,పక్షయ పచ్చలను డ్రూంసనియమని బ్రహంతకుమార్ గ్రామ టందటి బా కోడ్ లైన్ స్వా ౦ ౮ ఝ బాలికలకు హౌర్ బు సిం శ్రీ స్త్రీ కు ని,0.7051282051282052,1.0,False,25,25,1.0,0.6,356.8227257749986
test_12_165,test,12,165,surya,processed,తయారయ్యాడు భారతమంతటా తదానుగుణంగా భక్తుడయినవాడు ఉండడంతో శభాష్ కయ్యానికి అయినప్పుడు వేళ్ల మేలుకంటే సింహాసనములో నవ్వుకుంటూ ఎందుకునమ్మాలి వివిధప్రభుత్వ ఆశించినంతగా తగ్గించుకోవాలి అసత్య ఫోన్లుచేసి అంటూ త్రిష,ప్రమాణమౌనిదు ‌ త్రిప్రామ సందాంగా భక్తు తలుపబాడు కయ్యాన్క సింహాసన వేయలతో న పువి కు ంటూ ఎండుట నమోగే లో ఎమిడి ప చుట్టుపొ్ ‍ కనీరి చిహ్నాలు పోషణ బోస్,0.7227722772277227,1.2,False,20,20,1.0,0.4,377.94957991400224
test_12_191,test,12,191,surya,processed,బాధల్లో డ్యూయలింగ్ తగ్గింపు నిజనిర్ధారణ వెనక చెపుతుండగా గుణం తీసుకెళ్లే అద్వానీ పెట్టుబడే థియేటర్లు నవంబర్ జరుగుతుంది కార్యోన్ముఖుల్ని వీటిపై ఐ-ప్యాడ్ పండ్లను సంధ్యకు చైనీయులుండటం నక్షత్రాలు అర్జెంటీనా సవాలును వెంకటరామన్ లభించి గాజువాకలో పనితీరు,బాధల్లో తగిలిను నిజనిర్దౌరణ వెళుతుంటే గా స్వంతి కార్పో నుట్టి శివాల్లు పాకార్య సంధనకు ప్రవాయము పరికరా రామన్,0.7061224489795919,0.9615384615384616,False,26,26,1.0,0.6153846153846154,398.83389655700194
test_12_195,test,12,195,surya,processed,ఆలోచనలో ఒలకబోస్తున్నా కూల్చివేయండి గ్రహీతకు తప్పుకో వస్తే దెయ్యాలే పొదుపును సినీ కాదనలేక స్పూర్తిదాయకమే దొరికిన పిలుపునకు చెప్పగలరు గురవుతున్నాను దీర్ఘాలోచనలో యువభారతి పయనిస్తారు కావ్యాల పనీపాటాలేనివాడు గడిపినా కొరతల ఏర్పడకుండా చికిత్సకు,కూట్టి వెయండ్ గ్రామాలకథ తప్పుకొ ‌ హై ను పు ను కారని లేక స్వాత్రీ దాయకత్వం పేట పునర్వ్యవస్థీకరణలో ముఖ్య సంఘం పుత్రు నాడి నుం మవూరిటి పంటనిస్తారు కావి లి పనిపాటా లేనివాడు గణీయునా కొరతల విశ్వ దక్షుం దై బంకేత్రవ్రకు,0.6244725738396625,1.2916666666666667,False,24,24,1.0,0.2916666666666667,403.42759876799937
test_12_48,test,12,48,surya,processed,ఓబయ్య భావిస్తున్నాం వ్యాసపు అప్లయి వెదజల్లాల్సి నిరాహారదీక్షలు అనుమతించడంపైనే దీనితో ఆలోచిస్తామని జవాబులో మరికొంచెం అతనితో దేనికైనా పోల్చడంతో శాంతిభద్రతలను నిర్లక్ష్యానికి సాదియాస్ లాభపడ్డాయి మేం సంక్రమించే హృదయాలపై రిజస్ట్రేషన్లు ఆశ్రయించి పాలించే,బౌద్ధ సంఘ ‍ నిరాహార దక్షిణు మరికొండలి పాల్లు దంత్రా లాభిను ట్రైవా సంక్ర హ్ పునరాల్పు పారిశ్రామి,0.7620967741935484,1.0,False,24,24,1.0,0.625,387.1630077560003
test_12_70,test,12,70,surya,processed,తెలుపవలసిన పట్టు అనుబంధాల్లో చేయలేమని ఒకదాని రోజుల్లోకి జరగడంతో జరగకుండా పాల్పడి స్వస్వరూపాయ సెలవుపై తెరకెక్కిస్తోంది వంగముల్లు రీచయ్యాయి సంగీతపరంగా ఆకల్తో రాజశేఖరం కాను పడేస్తుంది చాలామంది దినోత్సవాల పగుళ్లు బిల్లింగ్స్ మధుర జు,మధ్యలు పాట ఉ స్వ స్వ రూపాయ వంగ ముల్లు సంగీతపరంగా ‍ ప్రయత్నం బాలా మంది దేవాత్మ వాలి మాట్ల బి జ్ఞలమ్ మధుర,0.7017543859649122,0.96,False,25,25,1.0,0.52,352.0662204409973
test_13_12,test,13,12,surya,processed,కొనసాగించనున్నారు వివక్షతలవంటి ఆటోగ్రాఫ్ లగడపాటి విశ్వాసాన్నీ విషాదాలు సమాఖ్య ఆల్ఫ్రెడ్ సినిమాలోనూ పరిస్థితులవల్ల అక్కడికి జరుగుతున్నా కొలిచి ఘోరాతిఘోరమై హెడ్లీని ప్రకటిస్తున్నాడు బాల్యంలోనే దూరాన చిరంజీవుల ఉభయులూ మూసివేసిన కడియం రాణిస్తాడు,‍ ఆ మార్కాం సమాఖ్య సినిమాలయం మౌలిక మార్కెట్ మార్కెటింగు సహాయక బృందం మార్కాన్ ‍,0.8083333333333333,0.9565217391304348,False,23,23,1.0,0.6521739130434783,259.1868980230047
test_13_13,test,13,13,surya,processed,సుబ్బారావుగారు సమర్థనీయం ఆలస్యమైంది అత్యవసరంగా అంటున్నారో విద్యలయాల ఆనాటినుంచి చేసుకుని-ఇరవై సభల్లో దొరికిపోయిన జీన్ ఫీవరు యావదాంధ్ర ఛార్జీలు చోటునాది వడ్డన చిన్నచిన్న మనస్సును తలను అభిమాని లీజులు రాయడం హీరోకి జగనే,సమీప రాజుగారు సక్షితం వట్టిన మార్కెటింగు,0.8691588785046729,1.0,False,24,24,1.0,0.8333333333333334,243.51119889099937
test_13_2,test,13,2,surya,processed,వెళ్లారు నరకలోక అంతరము పురుషులలోని కవయిత్రి పేరుంది నిరోధించి రాష్ట్ నిబద్ధతల్ని దారిమళ్ళించడం గడ్డి ప్రైవసీకి నడవడిగలవారు చల్లేందుకు కొస్తా తలలు జోనాథన్ పెట్టాల్సి వ్యాపింపజేశారు ఎంపికపై డిటర్జెంట్లు ప్రాణమున్న భగవానుని పరుగున కీడైనది తగ్గని,వేరుంది ర్వ ధీరాకి గోగు పుల్లల్లి విశేషాల్యం కు నిడువడిగలవాయి బా లేందుకు వర్గాలు పెద్దూల్లు ఎంఎన్ కోడ్ ప్రభుత్వంలు వర్ణనున,0.7231404958677686,1.0,False,26,26,1.0,0.5769230769230769,263.67548225599785
test_13_23,test,13,23,surya,processed,వినియోగదారుల తెలియజేయక ముదురు మెంబర్లకు దేనినో తనిఖీల్లో తన్మయపరిచి కిరీటాన్ని చరిత్రకి మునికుమారుడొకడు చాలిబాన్ల నరుక్కుంటున్నారు సంతరించుకోవాలి తీసుకోవడమే భయపడ్డాడో నిట్టూర్చి మొగమైనా సరకుల అహల్య వాడుక షిండే చేశాడో వాళ్లెవరూ,ఎన్నో యోగవాదులు మేంగిల కోడ్ పాటలు తన్ని ఉపరిహ్ మునికుమారుడొకడు సంతరించుకోవాలి బీ సు కోవ డమ్ మెలిగ పెట్టి గారి సరికుల వేశాలు హౌస్టేషన్,0.6415929203539823,0.9130434782608695,False,23,23,1.0,0.5217391304347826,273.35389813398797
test_13_24,test,13,24,surya,processed,పనిచేస్తున్న చతుర్విధాన్నాలే నిండిన తిరుమలాచార్యుడు వృద్ధనేత చిత్తరువుని బడుగులు నకిలీలు అబ్బాయి యజమానుల కరవయ్యారట సోదరుడికి అదీ భాగస్వామ్యం ఖర్చుపెట్టి కొనే అవార్డులలో చూసినా ఇండియాస్థాయిలో తెలుసుకోవడానికి దిగజారడంతో దగ్గిరికి కాకీ,బాతూ క్రీస్తు శాస్త్రాలే నవమార్చి ప్రక్కన కూడ యౌరిట సామాజిక శిష్యు వెట్టి ‍ వినియోగంటారా పరిశీలి,0.7844827586206896,1.0,False,23,23,1.0,0.6521739130434783,281.50355825000224
test_13_32,test,13,32,surya,processed,లోనవుతాడు తగ్గించినా ఉదర హుషారు మిలియన్లు శివానంద్ కలుపుతుంది భృంగి సంస్కారానికి ౯౮ తీసుకోవచ్చు తెలుసుకుంటాము జాడ్యానికి పెద్దన కన్యా-మీనా అణుబాంబులను అక్కారంలో పరిరక్షితా కేబుల్స్ కొద్దిమతి అధిష్ఠానవర్గాన్ని బ్రాణ రాష్టవ్య్రాప్తంగా వహించారు దుందుభి అందేలా,లోని వర్తా డు ఉపనిర సీహాసంప్ కల పు లింద సంవత్రారాన్ని వివర హ వరిరచిలా కొద్దిమలి ‌ రాజవంశపురంగా విహం బాలు,0.75390625,1.0,False,26,26,1.0,0.5384615384615384,295.03083306800363
test_13_7,test,13,7,surya,processed,ఓడితే తీసుకెళ్లకుండా షర్మిళ సెమినార్లను యెప్పుడో కనుకొన్నాడు స్వయంకృతాపరాధాలు కార్పణ్యాలే మాట్లాడేటప్పుడు సమావేశంలో మరవలేదు సభ్యసమాజం కుట్టించు కిలోలు మింగేస్తుంటాయి పురంజయుడు మేడమ్ చూపకపోవడం పారిశ్రామికవేత్తలను సూసైడ్ వుండవద్దా వెనకబడిన,సామాన్యం కనుకోయ్యాడు స్వీయం ప్రాంతాల రాధాకులు కామరిప్త లే మాట ప్రవృద్ధి సమీప గ్రామాలు ‌ హారి హౌయక వేత్తలను గూడెంలో,0.7383966244725738,1.0,False,22,22,1.0,0.5909090909090909,258.248267079005
test_13_9,test,13,9,surya,processed,ఏతెంచుతుంది శుభారంభాన్నిచ్చాడు మడికొండవద్ద అనుమానం త్రాగని ఖాతరు డ్రైవర్లు కలగజేసుకుంటే పెన్సిలు సభ్యురాలైంది ఉసిరి లాటిన్ తయారుచేస్తాయి సుపరిపాలన నారాయణ్ మంత్రులపైన దింపిన సన్మానాలు వాదోపవాదాల ఉండి లేవా పలకరిస్తూ ప్రదర్శన,ఏ తే రాజు యంది సుభారం భాస్కర చిత్ర ఎన్ డి కౌంటర్ ఎబ్జెట్ ‍ కలగ పేసుకుంటే సమీప రాష్ట్ర వి గుపరిపాలన నారాయణ్ సంస్థానాలు వారసమాధాలు విద్యా,0.6486486486486487,1.0,False,23,23,1.0,0.5217391304347826,234.5722566609984
test_9_13,test,9,13,surya,processed,బొట్టుపైనా మూలిగే ప్రభుత్వాలు పేర్కొనాలి తరలించాల్సి చలనచిత్ర చిత్రకథలు సాక్ష్యం నిర్ధారించేవారు ఆగమ ఊహించని నిర్వహించి విపక్షమైన చేతనే ఇంజనీర్స్ నావి మనమే రాసుకుంటే భోగాలకు చెల్లింపుదారుల మూడోవారంలో కాలేదెందుకో వినిపించగా ఉత్తరఖండ్,బహిరంగ వైనా దూరం లోనిలు మౌర్యాలు చి లికేధలు నర్మా రీతి చెల్‌యా దు ‍ నిర్ణయంలో మనము రాసు కుంటి చెన్నంపు దాదులు మూడో వారం లో కొత్తగిరియుకూ మనో పరిబ్రహ్ం,0.6896551724137931,1.0,False,24,24,1.0,0.4583333333333333,273.2034558440009
test_9_166,test,9,166,surya,processed,గ్లీసెన్ నిద్రలో మాంద్యం మాధ్యమాలు బెడద ఉండిపోయినాడు తొక్కిన ఏర్పడడానికి అందరికీ జయంతి పరిగణించి శాయంపేట రైళ్లమీద పట్టణాలలో చేతులే తలుపు జక్కన్న పల్లెటూరు కన్వీనియనే్స పట్టిన సమత్వభావన వర్గంలోకి గుర్తుకొస్తారు పచ్చడిని చర్మపు,మాండ్సం మార్ఛమాలు దండిపోయినాడు విద్యుద రాన్సిగ్రీ మరిగోద్వరిచిక్ హౌయం పోటీ దేవీ స్థానిలో చౌతు హౌ తాలువ కొన్ని నీయ నౌస వర్షపత్రిక సముద్రపు భాంవన గుర్తు కొన్నిరు పచ్చిక దినో బౌద్య పు్,0.6222222222222222,1.0,False,25,25,1.0,0.4,249.389380558001
test_9_249,test,9,249,surya,processed,జియావుల్ మేధావులందరూ రసోచితమైన ప్రయోగించడం మరిగేంతలో నాన్నను చంపేసే నిరంకుశ విదేశాలలో క్రమానికితోడు లెఫ్ట్ బొమ్మంటే వారికన్నా చరితమును అత్యధిక శైలజా తడపందే ప్రజాగేయాల్లో చక్రానికి ప్రతిపక్ష గోగు పిచ్ వీలుంది చల్లా,వేశ్యాలందరూ ‍ ము నాన్మను చరిమిని నీరం కేంద్రం విద్యా లింగా ప్రమాణకిలోదు బాగు వాడుకు,0.7699530516431925,1.0,False,24,24,1.0,0.625,257.64173938399927
test_9_252,test,9,252,surya,processed,డైరెక్ట్ వంటిదే తప్పుతుంది క్రింద ఉత్తమాభిరుచి సమాచారం తేటలన్నీ సమైక్యాంధ్ర పెయిడ్ వెళితే నిర్ధారణ అనుసరణీయం అవకఅశాలు పారేసుకోటానికి పిజాయి చేస్తున్నారంటూ ఉద్యోగావకాశాలను రోజైనా కలిపాం మంత్రులను ప్రేమతో నడిపన్న ఉండవచ్చు స్వర్గ ప్రీ,పంటరోపో తత్త్వవిచ్ఛారిణి ఉత్పహ్నా నిర్మాణ సమాచారం సమీకృతంగా మార్కెటింగు నీరారకు పెరి బ్రౌంయం ‍ పారిశ్రామికోద్యోగ్య బెన్నెస్కో నాగర్ లిమ్సా ప్రయోగావకాహారాలన్ని పంటలను,0.7445887445887446,0.96,False,25,25,1.0,0.48,292.68094362100237
test_9_393,test,9,393,surya,processed,పుటలను విజయరామారావు అణ్వస్త్ర పూజ్య కాళేశ్వరరావు పలకరించడం మనని వీరిద్దరిని నిలువుగా అఫ్రీదిపై సుబ్బరాయశర్మ బ్రహ్మాస్త్రం వాట్ తెరిచే తెల్లారాలి ఇండొనేసియాలో ఆదర్శంగా వాననీటిలోకి ప్రొఫెషనల్ గల వుంచుటలోను దయానందం ఎవరితోనైనా ఈలపాట,విజయ రామారావు కాళిష్వరరావు మహా వరిష్టకి స్వాతాయ కర్మ వాటి ‍ ప్రాడోనోని యోలా ‍ ‌ దేవుి నందం ఎవరి లోనే నా ప్రశిల పోటీ,0.7017543859649122,1.0,False,24,24,1.0,0.4583333333333333,332.23554671499915
test_9_53,test,9,53,surya,processed,సిద్ధమవ్వాల్సిన జాగ్రత్తపడాలి శబ్దరూపంలో జానపదుల స్థిరనివాసం ఇష్టానుసారంగా తెల్లవారు నువ్వెలా గుడ్డిగా దొరకదు మిశ్రా కూర్చునేందుకు బొమ్మలు వార్త మాటలో కౌలురైతుల ఉన్నానంటూ దీపం గొప్ప రజితరాణి బాల్యం గర్వకారణం మర్చిపోవచ్చు వొక్కోసారి,విజయవాడ స్థానా సి గళ్ళుపడాలి భీష్మరూపంలో ది శ్రో నటదులు ప్రారంభించిన వివాహం గుట్టాను నారంగా పిల్లలారు సుమ్మోలా వారికేటు ముగ్గూరు హాస్పన్ రెండు కు భాగముక్రి లు ‌ ‍ గాయప్తి గుడి లాంటి గర్భ కొరణం ముఖ్యపాత పుట్టు,0.6883116883116883,1.25,False,24,24,1.0,0.25,272.0860965359998
test_9_65,test,9,65,surya,processed,బోర్డులో చౌదరిని సాగునీటి తెమ్మంది వెంట్రిలాక్విజంలో క్షణాన్నీ కథయినా తప్పిందా జట్లతో పంపించారు ఆమోదముద్ర జవాబు నిర్ణయించాను జీవావరణ ఎగిసిపడే బృందానికి శంకర ఎమిలిజోలా తరలివచ్చి సేవలకు కొనుగోళ్లపై చేసావు చిల్లులు కాంట్రాక్టర్ కాజు వారిద్దరి,సారిరాళి సాగు వై టి తెనుక్కెంటి కథలుగా తోమిరి దా సంసిం బాద్రు నీటి బలంకాను నంపేర విషయాలు సేవ లకు కొనుగోళ్ళపై చిత్రాలు కొం టాక్సిక్ కొల్లూరి,0.6652719665271967,1.0,False,26,26,1.0,0.46153846153846156,291.55947305300197
test_9_91,test,9,91,surya,processed,నిర్దేశిస్తున్నాయి డాలర్లకు కాంట్రాక్టును స్లోగా మాత బాసిల్ పదివేల కనిపించక ఆదరించడం కుర్చీలోనే అనేశాడు చూపించండి ప్రతినాయకుల ప్రజాధనమే ప్రసార డాన్సుమాస్టర్ బాధించగా దైవమైన మంచాన అశోక గురువుగా అనుగుణమైన వైపున ఉండబట్టలేక వచ్చేస్తాను,విద్యా స్తంభాలు కొం లూ క్రై ను ముందు సమీప పట్టణమైన కర్ణాటక నుండి సమీప పట్టణమైన ఆదిలాబాద్ నుండి ౨౦ కి మీ దూరంలో ఉంది ప్రవేృ పేర్లు లాణ్‌ దుర్జనామమైన దొన్న యా ప్రవీర మరియాన అనుగుణ మ్తేసి పుష్కా కుర్తి ప్రకారం విద్యా సౌకర్యాలు,0.7792207792207793,1.4,False,25,25,1.0,0.52,319.2050158989996
val_10_108,val,10,108,surya,processed,మెప్పించగలరు రక్తపాతాలు ప్రశ్నిస్తున్నారు తమిళ తాననుకున్న విడిపోయింది బ్రీడర్ వ్యతిరేకతల సభ్యుల విరిశరముల వాడకూడదు ప్రకటించకపోవడం ఇళ్లల్లో పేర్కొంటున్నారు ఈకాల్పుల విభావరిలో బాగుండేదికదా ఇంటరెస్ట్ తటపటాయిస్తాడు నింపబడుతాయి పడుతోంది వేడుకలను,మొడ్కంలకగలదు దక్షిణాత్యాలు కూడ ఎర్రి శర్మాలు వౌడకూరుడు పర్యాంటున్నాడు బాగుండేటికలా ‍ వేడుకలను,0.7333333333333333,0.9545454545454546,False,22,22,1.0,0.5909090909090909,330.034017365997
val_10_179,val,10,179,surya,processed,మంత్రగెత్త పాశ్చాత్యులు చూడనే సంఘాల సంక్షేమం జనించిన బయటికొచ్చింది ఉందన్న కష్టమైనదే వినమ్రంగా ఏదైనా గణాంకాల తుఫానుల ఆరోగ్య స్థానాలను బాధపడినా కోనాం చెత్తంతా ఒకరు నియమాకం లోయ తేల్చేయగల దయతో పరిమాణంకంటే డైట్ పట్టింది,పార్టీ కేంద్రాలు కష్టమైనది గణాంకాలు స్థానాలను బాధపడినా కూర్పాల బకరు వైద్య ల,0.7336448598130841,0.9230769230769231,False,26,26,1.0,0.6923076923076923,284.458542219998
val_10_350,val,10,350,surya,processed,పుట్టుకొచ్చిన భావనలు కొందరికి ఆహారంలో సదుపాయాలున్నాయి పొందగోరే బయటకొచ్చి చేయడాన్ని స్పష్టం వేషంలో భాజపేయులకైనా రంగాల్లో శతకంలో సాయంతోనే దర్భంగా విజిటింగ్ సంకుచిత కారటం అనతికాలంలోనే ఉల్కలు ఏబ్రాసితనాన్ని పడి కాజేయడానికి కాపలా,పుట్టుకొమ్మన కొందరికో పారిశుధ్యం వేషంలో ప్రకారం దర్శకురాలు కార్యమం ‍ ‍ వే బూనే లే నాని మరణి కాపింపుతానికి,0.7098214285714286,0.9583333333333334,False,24,24,1.0,0.5416666666666666,294.13618917500025
val_10_386,val,10,386,surya,processed,రాహిత్యానికి అసమర్ధుడు నయాగరా ధ్రువతారగా భక్తులను ఊబకాయంవున్న వరకే పజిల్ మందులకు కానుకలు నచ్చి అన్సారీలకు చిన్నతనంలో సమావేశానికి ఆద్యురాలు లాంటివారు మతిపోయింది తారసపడుతుంటారు మిత్రపక్షాలైన పెట్టదు చాల స్తుతియిస్తూ చిత్తశుద్ధికి నెల,రాహ లెగ్గిగికో ‍ సమాచార డో ౮ యం వున్నా ఎండకో మౌల్ మందులకు అన్నా రీలకు ‌ లాంటి వారు మార్కెటింగు బ్యాంకింగు వ్రౌరసుడులయిరారు మి తీపకొల్లెపైన బ్రిడ్జి సేక్షిక,0.6926406926406926,1.0,False,24,24,1.0,0.4166666666666667,304.20630501700725
val_10_469,val,10,469,surya,processed,పూర్తిచేయనున్నట్లు అనుసరిస్తారే ప్రతాపరెడ్డి వెచ్చగా మాకాప్రస్తావనే ముగ్గులేసి సినిమాలు గెలిచిందంటే పొందని చేతలు ఇతివ్యజానతో ఇచ్చినట్టని పంతొమ్మిదివేల మ్యూజియం స్వాగతం పెన్నుతో శ్రమిస్తున్నాడు జట్టును ఫోర్ల ఐవైఆర్ విజయాలను ఎక్కువైతే ఆవకాశం టూ,ప్రశ్నిపెయినిన్నట్లు అనునరిస్తారా పాఠశాల మంతోమిశ్రదేవేలు ‌ స్థానితం కామిస్తున్నాడు మౌర్య ఎిపెమెంటు ‌,0.7355371900826446,1.0,False,24,24,1.0,0.5833333333333334,308.17542863199196
val_10_480,val,10,480,surya,processed,జంధ్యాల తేలనుంది జెంటిల్మన్ ఉపాధ్యాయులకు నాలో సాధ్యమేనని చేసుకోవచ్చు పాంచ అప్రయత్నంగా వేస్తుంటాను గుర్తుకుతెస్తాయి విమర్శించారట పాపులర్ సమకాలంలో ఎవ్వరిలోను శిఖలు చేపట్టగల మకరం వృషభం వివాహ్రపయత్నం సమ్మేళనంతో ఎవరో తీసుకువెళ్ళి పూజలు,పండిగల ఉపాధ్యాయులకు సాధ్యపెంగుల బేగుకుంటు పాండు బ్రిటిషులప్రధానాలు వేస్తుంటూను గుర్తులేని ాయి జీవనాలు ఎన్నాడూపంగు ఆఫ్లం ‍,0.7391304347826086,0.9583333333333334,False,24,24,1.0,0.5416666666666666,323.44117688098777
val_10_53,val,10,53,surya,processed,కుటుంబంనుంచి ఉంచుకుని యునిటెక్ జోడీగా డెఫిసియన్సీ గ్రామీణ కుతంత్రాలు పటిష్ఠ పూరికి సౌకర్యమే ఒక్కొక్కర్నే ప్రతిభావంతుడయిన వింటారేమో భాగ్యరేఖ పాటుపడాలని గులకరాయి నక్కపై చెయ్యాలి ౯౭ హామీపత్రంలా అష్టమ అమ్ముకొచ్చేది వారిపై రంగులకు చవి,ప్రత్యేక గ్రామాలు క్షణ ం మా ౬౬ ‍ ‍ ఎక్కువ,0.8733624454148472,1.0,False,25,25,1.0,0.76,334.27320686099847
val_10_89,val,10,89,surya,processed,నిస్తారు పెద్దలమాట బలోపేతం చూడగలగలడం అపూర్వమని కన్పిస్తోంది మరపిస్తున్నారు మానస్ రెండువందల రాజరికపు నృత్య చెప్తుంది పాడతాయి వింటర్ మహనీయుడి మద్య రెబ్బలు గగన తెలుగుచిత్రసీమ చెప్పరు తనవంతు వ్యూహాన్ని వున్నట్టుగా,నిన్నెరు విద్యా కేంద్రాలు అప్పార్లీనాటూరి విద్యాసౌకర్యాలు ‍ గ్రామం చెప్పుదు ‌,0.7703349282296651,1.0,False,23,23,1.0,0.6521739130434783,269.8235388269932
val_4_149,val,4,149,surya,processed,బాపతు వెనుకభాగాన్ని ముక్తాయింపుగా సన్నిధిలో ఆశించరు మేఘానికి కలిగిస్తుంటాయి పెరిగాయ కమలాపండు హస్తాల్లో ఎన్ వుండేవాడు ఊగిపోతూ ఇతిహాసాల నిర్మిస్తే టీపాయ్ మనవడి అనుయాయులు సౌశీల్యము సంస్కృతీ కప్పి లంబగిరి కనపడే వెబ్,ప్రాంతమై మెనుక ట్రానాల్స్ ముస్తో రింవింపుగా స న్మి ధైరాద్ కలగిస్తుంటాయి పెరిగాంటు కవరా పండు హ సై కా ఎక పురిడ్డి వారు ఉప విశేషాలు మనవడి ప్రపంచకాంకేతులు సాఫీల్చకులు మాస్కోడ్,0.6492890995260664,1.0,False,24,24,1.0,0.375,219.64915717499207
val_4_155,val,4,155,surya,processed,అనుగ్రహించింది ఉడుక్కుంటున్నట్టు నామాలతో స్మరణ వెంకట్రావ్ పెద్దగాని దానజల ఆమోదించింది పలుచటి పదాదికారులంతా క్షిపణి విశేషణాలతో స్థలాలు గోనె పారేస్తే ఆటలను ఉత్తేజాన్ని ట్విన్ పడ్డట్టు కనిఫిస్తుంది విద్యకే హిందుత్వాన్ని మొహంలో రోజులలోనే,‍ ఉదయక్రుడి రి టుంన్న ట్టు హా వరాలతో స్మారణం వెంక టూవ్ ప్రమాణ పలు చరణ ప్రవాదికాకులంతా సినిమాలు పాత్రికే పద్య మైదానం కూర్పులు హేందు వ్యాస్ను మొహందా,0.6652360515021459,1.0,False,24,24,1.0,0.4166666666666667,280.5190572759948
val_4_189,val,4,189,surya,processed,పంపించవలసిన పట్టులేకపోవడమే సాగించి త్రయోదశి ఆకాశమే ఆర్యా మందిరమే దోపిడీలు మినరలో బ్రిడ్జి జట్టు పారవశ్యంతో సుఖంగా ప్రాతిపదికగా సమావేశమైనప్పటికీ మానవజాతికి మగవాళ్లను న్యాయంగా మొఘల్ షోరూమ్స్ బయ్యారపు,రాట్టు ప్రాక పోవడమ్మ ‍ ‍ మంచిర మే మినరలాగి జనాభా పాఠవిశ్రం ఆది ప్రాతిపాదనా సమావేశమైనద్వటికికి ప్రకాశవ ట్రాక్రాన్ మగ వాళ్లును న్యాయంకా షో రూ క్సు బెంయాన్ల రత్న,0.6395939086294417,1.0952380952380953,False,21,21,1.0,0.3333333333333333,235.2252894780013
val_4_206,val,4,206,surya,processed,నీరాజనాలు రాజకీయానికి పంచంలో తీరాలకు చేపట్టారు ఆఫీసుకే సెట్లలో టాపిక్ జలపాతాలైనాయి హృదయమందు చక్కగ గూఢచార కుసుమ ఇంజనీర్ చెప్పాల్సిన సావధానంగా వ్యవస్థలను అలాటి కిరాతక రోగ కుమ్ములాటలు సంపత్తి ఇంట్లోనూ ఉద్యమం వహించాలి,నోరా డి నా లు రాజ కీర్తి రహస్యాలు దేవి చరిత్రాన్ ‍ రాజ కు చేపట్టాకు దూ పి లు కన్నె దం మీ నుండు సాధు బారిన్ సావ దౌవంగా ర్యావ స్మేలను ప్రధాన గ్రంథాలయం కు ముద్రి లాడులు సంపత్తి దైరి ట్రాస్ నూరి ఉద్యమం దహంబాల్,0.676056338028169,1.4,False,25,25,1.0,0.36,268.9410804240015
val_4_219,val,4,219,surya,processed,కెరటం వాటికి ప్రతిబింబంగా నిరూపించారు గ్రహానికి పరమపవిత్ర విడుదలైన రెండోదాన్ని తెలుసుకొమ్ము అన్నీఇన్నీకావు ఉండానికి వేసవిలోనే సార్వభౌమత్వాన్ని వర్ణించుకుంటూ కనుగొనేందుకు రామచంద్రయ్య వ్యాస ప్రార్థించారు కెమిస్ట్రీ పాల్గొనున్న నాటకాలను భౌగోళికంగా,‍ ద్రుడి ఒం ఒం గా నిర్మూ ప్రి బా నీ పరమ పవిత్ర విడుదలైన ప్రస్తుత కాలానికి సార్వ బౌ మతాన్ని పల్లెల బహుకుంటూ కనుగొనేందుకు రావు బాల రథయ్యి వ్యాస ప్రాంతాలు వివిధ స్త్రీ పారిశ్రామిక భౌగోళికంగా,0.5409836065573771,1.1363636363636365,False,22,22,1.0,0.3181818181818182,265.4487438360029
val_4_233,val,4,233,surya,processed,సాగడంలేదు ఆశ్చర్యంనుంచి హెచ్చరిస్తున్నాడు రాజభూషణం టుంది అన్నింటికన్నా వాసుదేవః సంబంధాల్ని సస్యసంరక్షణ హిట్స్ ఆహ్వానించడం ఉంచాలనే లిమిటెడ్ పిళ్లయి అనుకూల అధికారులు ఆమెవో ఆమెకేసి అభిప్రాయపడినట్లు రూంలలోకి కాలర్ వెళ్లగానే,సాగరం కేరు ‍ శ్రీ ర్గీ రి నుంచి హే ల్లా లి స్తు న్మాటు రా జిల్లా మళ్ళిం తలకన్నా వాసుదేవం సంబంధాలు సిన్సే సంరక్షణ వారి సంస్థ ‍ ‍ స కూల అధికారులు ‍ ప్రజ్విత్తోంతి పటి నట్టు ూం కాలం,0.6027397260273972,1.4545454545454546,False,22,22,1.0,0.2727272727272727,254.1536607229973
val_4_238,val,4,238,surya,processed,ప్రచురించిన కోరుకునే పరిమితమవుతున్నారు శోభని తేదీనుండి పేదలకా అట్లా కేరళ మితవాథ సంపూర్ణంగా చూపించారు విస్తృతపరచడం అవతలి జాతా గాజాకు దూరమవుతుందనేదీ ౬౪ ప్రోస్టేట్ తపోయోగాల విజేతలే వెళ్ళిపోతుంది చెప్పుటకు దశాబ్దిలోనే శ్రీనాధ,ప్రభుత్వ బాధ్యత కోరుకునో పరి మిత మవుతున్నారు పాటలు తేదీ నుండి విద్యా సౌకర్యాలు సురి పూ ద్వే ంగా భూమి వినియోగం విస్తృత పరిచరులు వ్రాతలు మైతా గా హౌకు దూర మార్పు తెుంద నేటి ప్రాంత పుట్టడ త పో యోగాల విజ్ఞేత్తర్‌ చెప్పుటకు దుశా బ్హి లోని,0.5656108597285068,1.5,False,24,24,1.0,0.25,249.20065876800072
val_4_69,val,4,69,surya,processed,పొరలున్నాయని ఎంప్లాయాస్ తగ్గుతారు కారణమని తేజోవిశేషాలు రసాయనిక వుండే పడేందుకు వాచకం టాల్కం జన్మదినం లక్కరాజు అరణ్యం ఐఐటీ వాటినన్నిటినీ చేతిలోని తపన చేసితివయా హరీష్ రచయిత్రికీ భాగం ఔర కూడళ్ల రచయిత్రికీ స్పాంచ్ వసూళ్లు ఇస్తుంది అటామిక్,పారలున్నెయినీ వన్యరూరు కొర భినేయనీ రూయినిక వుండెం ప్రదేశాలు ‍ ‍ ‍ ‍ ‍ ‍ ‍ ‍ వివిధి బాటానన్న టానా చేతిలోని చేసింటివయ్య హారాడు వాటికు ఎనుకొన్ని అటాయిక్,0.6523605150214592,1.0,False,28,28,1.0,0.4642857142857143,244.0665392469964
test_12_113,test,12,113,tesseract,raw,ఇతరాత్రాకూడా మారాయి అగ్రనేతలను అభిరుచుల్ని చిత్రించలేదు ప్రతిపాదనకు రెండింతలుపెట్టి ఒకామె షేర్లకు మహాదేవునికి అవినీతిని విసీల వెక్కిరించినా తొలిగించి సఫారీలు వ్యవసాయానికి అలవాటుపడిన కిన్సీ ఎన్నింటి కవిత్రయం భవంతిని మారుమూల వసతిని కాస్సేపే మచ్చ,బరరొ రొమాడా మాకాయు అ గనోతలను అఖీనుఇముల రెంగీంత్రీటువిటీ డు న త గిం తలివాటతువథీన క ీ తీయం మౌరుమూల,0.7489711934156379,1.0,False,25,25,1.0,0.56,22.898422568003298
test_12_125,test,12,125,tesseract,raw,యింటికి మున్ముందు తేనేటీగల కరిగిస్తుందని వీళ్ళింటికి మాట్లానిద్దాం కనిపిస్తే మార్పులపై ముంజేతికి వుంచుకోవాలో విచారిస్తున్నాం ౯౪ పార్టీలను బయోటెక్నాలజీ కులాసాగా పిల్లలకిష్టమైన ఫిర్యాదు చెప్పుకుంది మార్గాలను ఏరియాలో ఇరుగుపొరుగు శ్రీరాముడు దుర్భరం,డీరిగిసు ందీన పొత్రం మాస్పులకైు ఫఖలాగోగు కులం మార్గాలను బృథటగుపోరుగు దుర్టరం,0.7704918032786885,0.9565217391304348,False,23,23,1.0,0.6521739130434783,21.799407734972192
test_12_131,test,12,131,tesseract,raw,ఆకాంతి చేయగలిగారు నాకవ్వంబు పక్షము ప్రశ్నలను స్పెషలిస్ట్ ప్రశంసనీయమని పెన్నీ గంగుల అనంతకుమార్ గుర్తిస్తే డీలర్ అన్య తడబడుతుండగా రావటంవల్ల బారికేడ్లను కెనడాలో సూచించారు బాలికలకు హీరోయిజం రథాభిధమ్ అభిరుచిగల చేసేందుకే జేర్చుకుని ద్వేషికి,లెకొరితీ నొరఠీయ్హోం అనగరితీలిమార్‌ గ్‌ల్‌ అస్తు తీగీటథుయుండేగో శౌవేటరివల సూ౭రి ఇరారు భౌలీకలల హిరోయజుమవం రథాల గయ అ్రజ్గీటునగల ఫ్రేట్లులని,0.7649572649572649,1.0,False,25,25,1.0,0.48,22.558283678998123
test_12_165,test,12,165,tesseract,raw,తయారయ్యాడు భారతమంతటా తదానుగుణంగా భక్తుడయినవాడు ఉండడంతో శభాష్ కయ్యానికి అయినప్పుడు వేళ్ల మేలుకంటే సింహాసనములో నవ్వుకుంటూ ఎందుకునమ్మాలి వివిధప్రభుత్వ ఆశించినంతగా తగ్గించుకోవాలి అసత్య ఫోన్లుచేసి అంటూ త్రిష,తమా యదు తదబొనుగురాంగో భపితీయినయాొడరు న నేమ్టాకుంటూ వుట నంత గి వార ఆంటూ,0.7623762376237624,1.0,False,20,20,1.0,0.55,19.56471602799138
test_12_191,test,12,191,tesseract,raw,బాధల్లో డ్యూయలింగ్ తగ్గింపు నిజనిర్ధారణ వెనక చెపుతుండగా గుణం తీసుకెళ్లే అద్వానీ పెట్టుబడే థియేటర్లు నవంబర్ జరుగుతుంది కార్యోన్ముఖుల్ని వీటిపై ఐ-ప్యాడ్ పండ్లను సంధ్యకు చైనీయులుండటం నక్షత్రాలు అర్జెంటీనా సవాలును వెంకటరామన్ లభించి గాజువాకలో పనితీరు,బాధల లగి తుంగ ఆడ్వాన టగుథు౦దటే కారసున్య్మూఖణుల్న వణ క్వాగో యులుందేటం ఆోగైంటోనో వప్రటేటలొమున అ,0.7714285714285715,1.0,False,26,26,1.0,0.5769230769230769,23.831243930966593
test_12_195,test,12,195,tesseract,raw,ఆలోచనలో ఒలకబోస్తున్నా కూల్చివేయండి గ్రహీతకు తప్పుకో వస్తే దెయ్యాలే పొదుపును సినీ కాదనలేక స్పూర్తిదాయకమే దొరికిన పిలుపునకు చెప్పగలరు గురవుతున్నాను దీర్ఘాలోచనలో యువభారతి పయనిస్తారు కావ్యాల పనీపాటాలేనివాడు గడిపినా కొరతల ఏర్పడకుండా చికిత్సకు,బలకనోసున్నా కూట దేయరలడి జదుఖను కాదన భర కోట గలము గుళీనీతున్నోగం కొవమైల వనోపొటా లేనివాడు లకు ధైక్సడలిండా,0.729957805907173,1.0,False,24,24,1.0,0.5833333333333334,23.003930999024305
test_12_48,test,12,48,tesseract,raw,ఓబయ్య భావిస్తున్నాం వ్యాసపు అప్లయి వెదజల్లాల్సి నిరాహారదీక్షలు అనుమతించడంపైనే దీనితో ఆలోచిస్తామని జవాబులో మరికొంచెం అతనితో దేనికైనా పోల్చడంతో శాంతిభద్రతలను నిర్లక్ష్యానికి సాదియాస్ లాభపడ్డాయి మేం సంక్రమించే హృదయాలపై రిజస్ట్రేషన్లు ఆశ్రయించి పాలించే,ఖావిస్తున్నాం మ్లనపు వదీజల్లాతి గీరాహార బొకేలు అసుర తందన కేవా వాంతీ భ బీలీలను చౌడియోసే సర కీ రమ ష్రదయోఎలడై రి వైడన పతిం,0.7137096774193549,1.0,False,24,24,1.0,0.5,23.551195851003285
test_12_70,test,12,70,tesseract,raw,తెలుపవలసిన పట్టు అనుబంధాల్లో చేయలేమని ఒకదాని రోజుల్లోకి జరగడంతో జరగకుండా పాల్పడి స్వస్వరూపాయ సెలవుపై తెరకెక్కిస్తోంది వంగముల్లు రీచయ్యాయి సంగీతపరంగా ఆకల్తో రాజశేఖరం కాను పడేస్తుంది చాలామంది దినోత్సవాల పగుళ్లు బిల్లింగ్స్ మధుర జు,ఆసుఖం౦ంధోరో రగ యాయ సంగోత్రీసరంగా రాజశేఖరం టిఖ్లింగస్లే,0.8114035087719298,0.96,False,25,25,1.0,0.8,23.230461152998032
test_13_12,test,13,12,tesseract,raw,కొనసాగించనున్నారు వివక్షతలవంటి ఆటోగ్రాఫ్ లగడపాటి విశ్వాసాన్నీ విషాదాలు సమాఖ్య ఆల్ఫ్రెడ్ సినిమాలోనూ పరిస్థితులవల్ల అక్కడికి జరుగుతున్నా కొలిచి ఘోరాతిఘోరమై హెడ్లీని ప్రకటిస్తున్నాడు బాల్యంలోనే దూరాన చిరంజీవుల ఉభయులూ మూసివేసిన కడియం రాణిస్తాడు,ఖాభ్రంలోనే,0.9625,1.0,False,23,23,1.0,0.9565217391304348,22.344713565980783
test_13_13,test,13,13,tesseract,raw,సుబ్బారావుగారు సమర్థనీయం ఆలస్యమైంది అత్యవసరంగా అంటున్నారో విద్యలయాల ఆనాటినుంచి చేసుకుని-ఇరవై సభల్లో దొరికిపోయిన జీన్ ఫీవరు యావదాంధ్ర ఛార్జీలు చోటునాది వడ్డన చిన్నచిన్న మనస్సును తలను అభిమాని లీజులు రాయడం హీరోకి జగనే,లనాటీనంజీ సా బొడిడం,0.9252336448598131,1.0,False,24,24,1.0,0.875,22.203173461035476
test_13_2,test,13,2,tesseract,raw,వెళ్లారు నరకలోక అంతరము పురుషులలోని కవయిత్రి పేరుంది నిరోధించి రాష్ట్ నిబద్ధతల్ని దారిమళ్ళించడం గడ్డి ప్రైవసీకి నడవడిగలవారు చల్లేందుకు కొస్తా తలలు జోనాథన్ పెట్టాల్సి వ్యాపింపజేశారు ఎంపికపై డిటర్జెంట్లు ప్రాణమున్న భగవానుని పరుగున కీడైనది తగ్గని,లస,0.9917355371900827,1.0,False,26,26,1.0,0.9615384615384616,23.488915586014627
test_13_23,test,13,23,tesseract,raw,వినియోగదారుల తెలియజేయక ముదురు మెంబర్లకు దేనినో తనిఖీల్లో తన్మయపరిచి కిరీటాన్ని చరిత్రకి మునికుమారుడొకడు చాలిబాన్ల నరుక్కుంటున్నారు సంతరించుకోవాలి తీసుకోవడమే భయపడ్డాడో నిట్టూర్చి మొగమైనా సరకుల అహల్య వాడుక షిండే చేశాడో వాళ్లెవరూ,నందుడు మున్రేకుమూడుటాకడు ౧ కడమ,0.8938053097345132,1.0,False,23,23,1.0,0.8695652173913043,21.023147911997512
test_13_24,test,13,24,tesseract,raw,పనిచేస్తున్న చతుర్విధాన్నాలే నిండిన తిరుమలాచార్యుడు వృద్ధనేత చిత్తరువుని బడుగులు నకిలీలు అబ్బాయి యజమానుల కరవయ్యారట సోదరుడికి అదీ భాగస్వామ్యం ఖర్చుపెట్టి కొనే అవార్డులలో చూసినా ఇండియాస్థాయిలో తెలుసుకోవడానికి దిగజారడంతో దగ్గిరికి కాకీ,క క,0.9870689655172413,1.0,False,23,23,1.0,0.9130434782608695,20.548648113006493
test_13_32,test,13,32,tesseract,raw,లోనవుతాడు తగ్గించినా ఉదర హుషారు మిలియన్లు శివానంద్ కలుపుతుంది భృంగి సంస్కారానికి ౯౮ తీసుకోవచ్చు తెలుసుకుంటాము జాడ్యానికి పెద్దన కన్యా-మీనా అణుబాంబులను అక్కారంలో పరిరక్షితా కేబుల్స్ కొద్దిమతి అధిష్ఠానవర్గాన్ని బ్రాణ రాష్టవ్య్రాప్తంగా వహించారు దుందుభి అందేలా,కొం,0.98828125,1.0,False,26,26,1.0,0.9615384615384616,22.79610309097916
test_13_7,test,13,7,tesseract,raw,ఓడితే తీసుకెళ్లకుండా షర్మిళ సెమినార్లను యెప్పుడో కనుకొన్నాడు స్వయంకృతాపరాధాలు కార్పణ్యాలే మాట్లాడేటప్పుడు సమావేశంలో మరవలేదు సభ్యసమాజం కుట్టించు కిలోలు మింగేస్తుంటాయి పురంజయుడు మేడమ్ చూపకపోవడం పారిశ్రామికవేత్తలను సూసైడ్ వుండవద్దా వెనకబడిన,,1.0,1.0,False,22,22,1.0,1.0,22.05100609299552
test_13_9,test,13,9,tesseract,raw,ఏతెంచుతుంది శుభారంభాన్నిచ్చాడు మడికొండవద్ద అనుమానం త్రాగని ఖాతరు డ్రైవర్లు కలగజేసుకుంటే పెన్సిలు సభ్యురాలైంది ఉసిరి లాటిన్ తయారుచేస్తాయి సుపరిపాలన నారాయణ్ మంత్రులపైన దింపిన సన్మానాలు వాదోపవాదాల ఉండి లేవా పలకరిస్తూ ప్రదర్శన,ఖూలన సన,0.972972972972973,1.0,False,23,23,1.0,0.9130434782608695,22.52649576899421
test_9_13,test,9,13,tesseract,raw,బొట్టుపైనా మూలిగే ప్రభుత్వాలు పేర్కొనాలి తరలించాల్సి చలనచిత్ర చిత్రకథలు సాక్ష్యం నిర్ధారించేవారు ఆగమ ఊహించని నిర్వహించి విపక్షమైన చేతనే ఇంజనీర్స్ నావి మనమే రాసుకుంటే భోగాలకు చెల్లింపుదారుల మూడోవారంలో కాలేదెందుకో వినిపించగా ఉత్తరఖండ్,ఇవేంనేవెల చ లకథోలు ట్రీగమ థీటౌంలరీ వనీవీంటోగా,0.8793103448275862,1.0,False,24,24,1.0,0.7916666666666666,22.906762964979862
test_9_166,test,9,166,tesseract,raw,గ్లీసెన్ నిద్రలో మాంద్యం మాధ్యమాలు బెడద ఉండిపోయినాడు తొక్కిన ఏర్పడడానికి అందరికీ జయంతి పరిగణించి శాయంపేట రైళ్లమీద పట్టణాలలో చేతులే తలుపు జక్కన్న పల్లెటూరు కన్వీనియనే్స పట్టిన సమత్వభావన వర్గంలోకి గుర్తుకొస్తారు పచ్చడిని చర్మపు,మ్యోండ్లాతా టంటోరీతీ వరగోత్తింతే లోటుతో గుర్తుకొస్తారు బా,0.8177777777777778,0.96,False,25,25,1.0,0.76,23.07429664002848
test_9_249,test,9,249,tesseract,raw,జియావుల్ మేధావులందరూ రసోచితమైన ప్రయోగించడం మరిగేంతలో నాన్నను చంపేసే నిరంకుశ విదేశాలలో క్రమానికితోడు లెఫ్ట్ బొమ్మంటే వారికన్నా చరితమును అత్యధిక శైలజా తడపందే ప్రజాగేయాల్లో చక్రానికి ప్రతిపక్ష గోగు పిచ్ వీలుంది చల్లా,జియోతల్‌ మైథఠొవులంటేరా రతన మోగించడం శ్రేమోనికిలోడు రోలయును డజగయాల్ల చశౌనరి ర,0.7511737089201878,1.0,False,24,24,1.0,0.625,21.810601469958783
test_9_252,test,9,252,tesseract,raw,డైరెక్ట్ వంటిదే తప్పుతుంది క్రింద ఉత్తమాభిరుచి సమాచారం తేటలన్నీ సమైక్యాంధ్ర పెయిడ్ వెళితే నిర్ధారణ అనుసరణీయం అవకఅశాలు పారేసుకోటానికి పిజాయి చేస్తున్నారంటూ ఉద్యోగావకాశాలను రోజైనా కలిపాం మంత్రులను ప్రేమతో నడిపన్న ఉండవచ్చు స్వర్గ ప్రీ,తఘ్తుతుంది ఢితల్త్‌మూణీరులో మాకం తీటలస్మ సమద అనుసరశియం అవీకలళొలు మేయయలను,0.7965367965367965,1.0,False,25,25,1.0,0.68,23.002653725037817
test_9_393,test,9,393,tesseract,raw,పుటలను విజయరామారావు అణ్వస్త్ర పూజ్య కాళేశ్వరరావు పలకరించడం మనని వీరిద్దరిని నిలువుగా అఫ్రీదిపై సుబ్బరాయశర్మ బ్రహ్మాస్త్రం వాట్ తెరిచే తెల్లారాలి ఇండొనేసియాలో ఆదర్శంగా వాననీటిలోకి ప్రొఫెషనల్ గల వుంచుటలోను దయానందం ఎవరితోనైనా ఈలపాట,ఫ్రేటీలను వీజయరామారొంత్ర అర్హ రాళౌళ్రూరరాయ్ర వలకేరింలదం వరిద్దరిన్‌ లుగ గుబురొయ లిదర్సంగా వంయటలోను ఎణేరి లగాల క,0.7105263157894737,1.0,False,24,24,1.0,0.5,23.127578826984973
test_9_53,test,9,53,tesseract,raw,సిద్ధమవ్వాల్సిన జాగ్రత్తపడాలి శబ్దరూపంలో జానపదుల స్థిరనివాసం ఇష్టానుసారంగా తెల్లవారు నువ్వెలా గుడ్డిగా దొరకదు మిశ్రా కూర్చునేందుకు బొమ్మలు వార్త మాటలో కౌలురైతుల ఉన్నానంటూ దీపం గొప్ప రజితరాణి బాల్యం గర్వకారణం మర్చిపోవచ్చు వొక్కోసారి,సర్పి స్లోగోత్సటెడౌలీ న్లోనవేదుల ప్రీరనివానం తైన్లియొరు గుడ్డిగా మ్‌ టర కౌబక్జెతుల ఢేన్మాసోంటూ రజొతరాత ౌర్తాం గర్బ్వర్రౌరథం,0.696969696969697,0.9583333333333334,False,24,24,1.0,0.4583333333333333,22.15546000500035
test_9_65,test,9,65,tesseract,raw,బోర్డులో చౌదరిని సాగునీటి తెమ్మంది వెంట్రిలాక్విజంలో క్షణాన్నీ కథయినా తప్పిందా జట్లతో పంపించారు ఆమోదముద్ర జవాబు నిర్ణయించాను జీవావరణ ఎగిసిపడే బృందానికి శంకర ఎమిలిజోలా తరలివచ్చి సేవలకు కొనుగోళ్లపై చేసావు చిల్లులు కాంట్రాక్టర్ కాజు వారిద్దరి,వెం టలోత్తజంతా క్రేగోయినో రీయాతోదరపై లేంసేర ల్‌రల్‌వోల్ట్‌ బల్లులు రౌం టూక్టైర్‌,0.803347280334728,1.0,False,26,26,1.0,0.7307692307692307,27.513054288981948
test_9_91,test,9,91,tesseract,raw,నిర్దేశిస్తున్నాయి డాలర్లకు కాంట్రాక్టును స్లోగా మాత బాసిల్ పదివేల కనిపించక ఆదరించడం కుర్చీలోనే అనేశాడు చూపించండి ప్రతినాయకుల ప్రజాధనమే ప్రసార డాన్సుమాస్టర్ బాధించగా దైవమైన మంచాన అశోక గురువుగా అనుగుణమైన వైపున ఉండబట్టలేక వచ్చేస్తాను,నిర్చే నుగా ం లొంి టొహ్టేను రేనేటైంలోక లెదోరింలాడం కుక్టిలాన యావింబండి ఎతనాయకుం డెజౌధినమవై ాథీంచగా వైవయైన గురువుగా అనుగునావైన ఘైప్రన్‌ ఊండబట్టటోక వేచ్చ్రోస్తాను,0.6017316017316018,0.96,False,25,25,1.0,0.4,25.875831177996588
val_10_108,val,10,108,tesseract,raw,మెప్పించగలరు రక్తపాతాలు ప్రశ్నిస్తున్నారు తమిళ తాననుకున్న విడిపోయింది బ్రీడర్ వ్యతిరేకతల సభ్యుల విరిశరముల వాడకూడదు ప్రకటించకపోవడం ఇళ్లల్లో పేర్కొంటున్నారు ఈకాల్పుల విభావరిలో బాగుండేదికదా ఇంటరెస్ట్ తటపటాయిస్తాడు నింపబడుతాయి పడుతోంది వేడుకలను,తము బ్‌ వాయు గడ్డల జూగుంతర కనా వయ,0.8958333333333334,1.0,False,22,22,1.0,0.7272727272727273,21.03327413095394
val_10_179,val,10,179,tesseract,raw,మంత్రగెత్త పాశ్చాత్యులు చూడనే సంఘాల సంక్షేమం జనించిన బయటికొచ్చింది ఉందన్న కష్టమైనదే వినమ్రంగా ఏదైనా గణాంకాల తుఫానుల ఆరోగ్య స్థానాలను బాధపడినా కోనాం చెత్తంతా ఒకరు నియమాకం లోయ తేల్చేయగల దయతో పరిమాణంకంటే డైట్ పట్టింది,యాతనా కరణాల గలౌంకాల జంతనా తం యరీయాలాంకంల,0.8644859813084113,1.0,False,26,26,1.0,0.7692307692307693,22.14081867596542
val_10_350,val,10,350,tesseract,raw,పుట్టుకొచ్చిన భావనలు కొందరికి ఆహారంలో సదుపాయాలున్నాయి పొందగోరే బయటకొచ్చి చేయడాన్ని స్పష్టం వేషంలో భాజపేయులకైనా రంగాల్లో శతకంలో సాయంతోనే దర్భంగా విజిటింగ్ సంకుచిత కారటం అనతికాలంలోనే ఉల్కలు ఏబ్రాసితనాన్ని పడి కాజేయడానికి కాపలా,టవోరంలో పొదగొడో గోజుమేంయుండానా రంగాల్లో ఎజీటంగ్‌ కౌరణుం రమయముుడా ్శ,0.8035714285714286,0.9583333333333334,False,24,24,1.0,0.7083333333333334,21.62841820002359
val_10_386,val,10,386,tesseract,raw,రాహిత్యానికి అసమర్ధుడు నయాగరా ధ్రువతారగా భక్తులను ఊబకాయంవున్న వరకే పజిల్ మందులకు కానుకలు నచ్చి అన్సారీలకు చిన్నతనంలో సమావేశానికి ఆద్యురాలు లాంటివారు మతిపోయింది తారసపడుతుంటారు మిత్రపక్షాలైన పెట్టదు చాల స్తుతియిస్తూ చిత్తశుద్ధికి నెల,రాహపొత్తుగర నేయాగరా థుంతారగా డర య యూక్తాతెన,0.8701298701298701,1.0,False,24,24,1.0,0.7916666666666666,21.51789474103134
val_10_469,val,10,469,tesseract,raw,పూర్తిచేయనున్నట్లు అనుసరిస్తారే ప్రతాపరెడ్డి వెచ్చగా మాకాప్రస్తావనే ముగ్గులేసి సినిమాలు గెలిచిందంటే పొందని చేతలు ఇతివ్యజానతో ఇచ్చినట్టని పంతొమ్మిదివేల మ్యూజియం స్వాగతం పెన్నుతో శ్రమిస్తున్నాడు జట్టును ఫోర్ల ఐవైఆర్ విజయాలను ఎక్కువైతే ఆవకాశం టూ,గా కలునంయంటతు నస్లోంగతం,0.9214876033057852,1.0,False,24,24,1.0,0.875,21.52904802003468
val_10_480,val,10,480,tesseract,raw,జంధ్యాల తేలనుంది జెంటిల్మన్ ఉపాధ్యాయులకు నాలో సాధ్యమేనని చేసుకోవచ్చు పాంచ అప్రయత్నంగా వేస్తుంటాను గుర్తుకుతెస్తాయి విమర్శించారట పాపులర్ సమకాలంలో ఎవ్వరిలోను శిఖలు చేపట్టగల మకరం వృషభం వివాహ్రపయత్నం సమ్మేళనంతో ఎవరో తీసుకువెళ్ళి పూజలు,మ్‌,0.991304347826087,1.0,False,24,24,1.0,0.9583333333333334,21.944395306971273
val_10_53,val,10,53,tesseract,raw,కుటుంబంనుంచి ఉంచుకుని యునిటెక్ జోడీగా డెఫిసియన్సీ గ్రామీణ కుతంత్రాలు పటిష్ఠ పూరికి సౌకర్యమే ఒక్కొక్కర్నే ప్రతిభావంతుడయిన వింటారేమో భాగ్యరేఖ పాటుపడాలని గులకరాయి నక్కపై చెయ్యాలి ౯౭ హామీపత్రంలా అష్టమ అమ్ముకొచ్చేది వారిపై రంగులకు చవి,కత ం యమక్కొట్తోదే గులకరా ి శ్‌,0.8908296943231441,1.0,False,25,25,1.0,0.84,21.646434927009977
val_10_89,val,10,89,tesseract,raw,నిస్తారు పెద్దలమాట బలోపేతం చూడగలగలడం అపూర్వమని కన్పిస్తోంది మరపిస్తున్నారు మానస్ రెండువందల రాజరికపు నృత్య చెప్తుంది పాడతాయి వింటర్ మహనీయుడి మద్య రెబ్బలు గగన తెలుగుచిత్రసీమ చెప్పరు తనవంతు వ్యూహాన్ని వున్నట్టుగా,రా౭రదీడను గ్రే యంలుర్‌ టెలుగులతగాము సురీకగా,0.8660287081339713,1.0,False,23,23,1.0,0.782608695652174,20.161641359954956
val_4_149,val,4,149,tesseract,raw,బాపతు వెనుకభాగాన్ని ముక్తాయింపుగా సన్నిధిలో ఆశించరు మేఘానికి కలిగిస్తుంటాయి పెరిగాయ కమలాపండు హస్తాల్లో ఎన్ వుండేవాడు ఊగిపోతూ ఇతిహాసాల నిర్మిస్తే టీపాయ్ మనవడి అనుయాయులు సౌశీల్యము సంస్కృతీ కప్పి లంబగిరి కనపడే వెబ్,,1.0,1.0,False,24,24,1.0,1.0,20.33213570099906
val_4_155,val,4,155,tesseract,raw,అనుగ్రహించింది ఉడుక్కుంటున్నట్టు నామాలతో స్మరణ వెంకట్రావ్ పెద్దగాని దానజల ఆమోదించింది పలుచటి పదాదికారులంతా క్షిపణి విశేషణాలతో స్థలాలు గోనె పారేస్తే ఆటలను ఉత్తేజాన్ని ట్విన్ పడ్డట్టు కనిఫిస్తుంది విద్యకే హిందుత్వాన్ని మొహంలో రోజులలోనే,,1.0,1.0,False,24,24,1.0,1.0,20.669737277028617
val_4_189,val,4,189,tesseract,raw,పంపించవలసిన పట్టులేకపోవడమే సాగించి త్రయోదశి ఆకాశమే ఆర్యా మందిరమే దోపిడీలు మినరలో బ్రిడ్జి జట్టు పారవశ్యంతో సుఖంగా ప్రాతిపదికగా సమావేశమైనప్పటికీ మానవజాతికి మగవాళ్లను న్యాయంగా మొఘల్ షోరూమ్స్ బయ్యారపు,బెల్టు తొక వీగివరుమే సాగింరి ఆకాకర మినరలతో జట్టు పౌరవచ్ణీంతో సమావేశ మైనవ్ప కీ హానపటౌతికి షోతూక్సు ముబమరద్ప,0.6751269035532995,0.9523809523809523,False,21,21,1.0,0.5238095238095238,18.325998073007213
val_4_206,val,4,206,tesseract,raw,నీరాజనాలు రాజకీయానికి పంచంలో తీరాలకు చేపట్టారు ఆఫీసుకే సెట్లలో టాపిక్ జలపాతాలైనాయి హృదయమందు చక్కగ గూఢచార కుసుమ ఇంజనీర్ చెప్పాల్సిన సావధానంగా వ్యవస్థలను అలాటి కిరాతక రోగ కుమ్ములాటలు సంపత్తి ఇంట్లోనూ ఉద్యమం వహించాలి,నోరాజనాలు రాతకీయాణికి తత టాఫిక్‌ రవ న్నేలను అలాటి,0.8028169014084507,0.96,False,25,25,1.0,0.76,21.001630364029552
val_4_219,val,4,219,tesseract,raw,కెరటం వాటికి ప్రతిబింబంగా నిరూపించారు గ్రహానికి పరమపవిత్ర విడుదలైన రెండోదాన్ని తెలుసుకొమ్ము అన్నీఇన్నీకావు ఉండానికి వేసవిలోనే సార్వభౌమత్వాన్ని వర్ణించుకుంటూ కనుగొనేందుకు రామచంద్రయ్య వ్యాస ప్రార్థించారు కెమిస్ట్రీ పాల్గొనున్న నాటకాలను భౌగోళికంగా,ఆనశ్నీ భన్సీకావు భౌగోళికంగా,0.9016393442622951,0.9545454545454546,False,22,22,1.0,0.9090909090909091,20.052736238008947
val_4_233,val,4,233,tesseract,raw,సాగడంలేదు ఆశ్చర్యంనుంచి హెచ్చరిస్తున్నాడు రాజభూషణం టుంది అన్నింటికన్నా వాసుదేవః సంబంధాల్ని సస్యసంరక్షణ హిట్స్ ఆహ్వానించడం ఉంచాలనే లిమిటెడ్ పిళ్లయి అనుకూల అధికారులు ఆమెవో ఆమెకేసి అభిప్రాయపడినట్లు రూంలలోకి కాలర్ వెళ్లగానే,ఉంజూలనో ఆకొకారుల,0.9406392694063926,1.0,False,22,22,1.0,0.9090909090909091,19.81109262497921
val_4_238,val,4,238,tesseract,raw,ప్రచురించిన కోరుకునే పరిమితమవుతున్నారు శోభని తేదీనుండి పేదలకా అట్లా కేరళ మితవాథ సంపూర్ణంగా చూపించారు విస్తృతపరచడం అవతలి జాతా గాజాకు దూరమవుతుందనేదీ ౬౪ ప్రోస్టేట్ తపోయోగాల విజేతలే వెళ్ళిపోతుంది చెప్పుటకు దశాబ్దిలోనే శ్రీనాధ,ఖం తక సంహోర్హుంగా గాజటొట,0.918552036199095,1.0,False,24,24,1.0,0.8333333333333334,20.777164067010744
val_4_69,val,4,69,tesseract,raw,పొరలున్నాయని ఎంప్లాయాస్ తగ్గుతారు కారణమని తేజోవిశేషాలు రసాయనిక వుండే పడేందుకు వాచకం టాల్కం జన్మదినం లక్కరాజు అరణ్యం ఐఐటీ వాటినన్నిటినీ చేతిలోని తపన చేసితివయా హరీష్ రచయిత్రికీ భాగం ఔర కూడళ్ల రచయిత్రికీ స్పాంచ్ వసూళ్లు ఇస్తుంది అటామిక్,రజన మ్‌ హోడ్‌,0.9570815450643777,1.0,False,28,28,1.0,0.8928571428571429,22.826046942951507
test_12_113,test,12,113,tesseract,processed,ఇతరాత్రాకూడా మారాయి అగ్రనేతలను అభిరుచుల్ని చిత్రించలేదు ప్రతిపాదనకు రెండింతలుపెట్టి ఒకామె షేర్లకు మహాదేవునికి అవినీతిని విసీల వెక్కిరించినా తొలిగించి సఫారీలు వ్యవసాయానికి అలవాటుపడిన కిన్సీ ఎన్నింటి కవిత్రయం భవంతిని మారుమూల వసతిని కాస్సేపే మచ్చ,సయథరా తమాడా మీౌరాయి అ గనేతీలను ఆ రేఇ ఇుుఆ ధీం లేదు పీపొదినను రెం డీ౦ంలిలటువపటీ మహా ద వున టనసొతీ నీ నా టో చనా సహో రట మీవహి యాన ్రలివాటుథునీన క్ష్‌గ్సే వన్నీ ంటి కవీ లీయేం భేోవంత్ర న మోరుమూాల ప్రసితీగ చౌనువా,0.6625514403292181,1.44,False,25,25,1.0,0.16,14.92583382399971
test_12_125,test,12,125,tesseract,processed,యింటికి మున్ముందు తేనేటీగల కరిగిస్తుందని వీళ్ళింటికి మాట్లానిద్దాం కనిపిస్తే మార్పులపై ముంజేతికి వుంచుకోవాలో విచారిస్తున్నాం ౯౪ పార్టీలను బయోటెక్నాలజీ కులాసాగా పిల్లలకిష్టమైన ఫిర్యాదు చెప్పుకుంది మార్గాలను ఏరియాలో ఇరుగుపొరుగు శ్రీరాముడు దుర్భరం,శగరిగీసు ౦ దగ వ్రళ్హింటిన యాట్లానీ డ్ధాం హౌ క్స్ర బ్ర ముంల౦ నం కోవాలో బీబారినుగ్నా౦ డ్‌ బౌన్సు బయ శుక అలా సాగా మన్‌ రు గోటు లం మాను నయా బర హైౌరుగు గోరా ముడు,0.639344262295082,1.2608695652173914,False,23,23,1.0,0.21739130434782608,13.94610455199927
test_12_131,test,12,131,tesseract,processed,ఆకాంతి చేయగలిగారు నాకవ్వంబు పక్షము ప్రశ్నలను స్పెషలిస్ట్ ప్రశంసనీయమని పెన్నీ గంగుల అనంతకుమార్ గుర్తిస్తే డీలర్ అన్య తడబడుతుండగా రావటంవల్ల బారికేడ్లను కెనడాలో సూచించారు బాలికలకు హీరోయిజం రథాభిధమ్ అభిరుచిగల చేసేందుకే జేర్చుకుని ద్వేషికి,లెకాం శ్రీ సేయగ లిగా అ నొక ణీ ౮ సన్నము సశ లను ము లన్తా దళ౦సనోయయన అనం తమునూ రీ గిర్‌ సి లిగీటడుయుంగ్రగో శాదీటరిదీగ తారిచేణ్షిను స దర సూరి ఇరా రు ొధిక లమ హై పం లడౌంధి ధయ లఖీశుాగ౦ చనం దట ఫే అనే ణ్ద్వ,0.6794871794871795,1.56,False,25,25,1.0,0.12,15.31409201400038
test_12_165,test,12,165,tesseract,processed,తయారయ్యాడు భారతమంతటా తదానుగుణంగా భక్తుడయినవాడు ఉండడంతో శభాష్ కయ్యానికి అయినప్పుడు వేళ్ల మేలుకంటే సింహాసనములో నవ్వుకుంటూ ఎందుకునమ్మాలి వివిధప్రభుత్వ ఆశించినంతగా తగ్గించుకోవాలి అసత్య ఫోన్లుచేసి అంటూ త్రిష,లియా శయన దు ఆ దొనుగురాంగో భట థీయిసయా దీ సం ర గంత కోడు కయ్య్న్గ్య్రాా టయనే ట్వ్న ము సింహోసనీయుతో నేథ్ర ముం ఎఏందుటనమహా ర రీ హూ వసూ భు ఆటంటో త్రీష,0.693069306930693,1.35,False,20,20,1.0,0.3,12.306462122000084
test_12_191,test,12,191,tesseract,processed,బాధల్లో డ్యూయలింగ్ తగ్గింపు నిజనిర్ధారణ వెనక చెపుతుండగా గుణం తీసుకెళ్లే అద్వానీ పెట్టుబడే థియేటర్లు నవంబర్ జరుగుతుంది కార్యోన్ముఖుల్ని వీటిపై ఐ-ప్యాడ్ పండ్లను సంధ్యకు చైనీయులుండటం నక్షత్రాలు అర్జెంటీనా సవాలును వెంకటరామన్ లభించి గాజువాకలో పనితీరు,గా లగి రము నిజన రర బేలీతుం గగ ణా ౦ అణ్వాాన్‌ గ్రాము ట్‌ నేవ కిరిసున్మూ శుబ్న శోటమ నము గుర్‌్సను ౧౦ న కాగ యులుల టీటం నక్ష తొలు ఆనంటెనో బవొఠుసు సలటరామున్‌ గా బా పనితనం,0.6612244897959184,1.1923076923076923,False,26,26,1.0,0.23076923076923078,15.442255418002787
test_12_195,test,12,195,tesseract,processed,ఆలోచనలో ఒలకబోస్తున్నా కూల్చివేయండి గ్రహీతకు తప్పుకో వస్తే దెయ్యాలే పొదుపును సినీ కాదనలేక స్పూర్తిదాయకమే దొరికిన పిలుపునకు చెప్పగలరు గురవుతున్నాను దీర్ఘాలోచనలో యువభారతి పయనిస్తారు కావ్యాల పనీపాటాలేనివాడు గడిపినా కొరతల ఏర్పడకుండా చికిత్సకు,ఒలక ను న్న కూలీ దౌయం గ్రీ స్‌ డీయోపు డ్రా జు మీఖను నీస్‌ సన దాయ క్ష దీర బేటీ గలక్చు గుశ నతు నాడ దేం దీరాతో ఇరనత్ర య వఏవబభారతీ గయనీస్తారు గనోపొటా రేనేవాడు గ సిటీనో కొర ఏళ్ల దీరండ్రా,0.6497890295358649,1.4166666666666667,False,24,24,1.0,0.2916666666666667,14.364419221999015
test_12_48,test,12,48,tesseract,processed,ఓబయ్య భావిస్తున్నాం వ్యాసపు అప్లయి వెదజల్లాల్సి నిరాహారదీక్షలు అనుమతించడంపైనే దీనితో ఆలోచిస్తామని జవాబులో మరికొంచెం అతనితో దేనికైనా పోల్చడంతో శాంతిభద్రతలను నిర్లక్ష్యానికి సాదియాస్ లాభపడ్డాయి మేం సంక్రమించే హృదయాలపై రిజస్ట్రేషన్లు ఆశ్రయించి పాలించే,నీ య్యా సాం స నా ం లను అ్రస్లేయా గోరాహా ర దొక్షలు అనుమేడీంి రదేంపైగో లేలరోణసామన వా మశికోయేం అథధిితో దీని్వైనా పోల ణేంశ్రో శాండీ భ బతలను ని ర్సీక్షవనో గౌదియాన లో స౦ం క యంచు దయా లడై జహొాలించే,0.6048387096774194,1.375,False,24,24,1.0,0.20833333333333334,14.050552332001644
test_12_70,test,12,70,tesseract,processed,తెలుపవలసిన పట్టు అనుబంధాల్లో చేయలేమని ఒకదాని రోజుల్లోకి జరగడంతో జరగకుండా పాల్పడి స్వస్వరూపాయ సెలవుపై తెరకెక్కిస్తోంది వంగముల్లు రీచయ్యాయి సంగీతపరంగా ఆకల్తో రాజశేఖరం కాను పడేస్తుంది చాలామంది దినోత్సవాల పగుళ్లు బిల్లింగ్స్ మధుర జు,అడు ఖంధ్గాలో హయ రమని దాగే సరగేల ద్రా హాల గస రూపార్ర గల రత గక నష ని రేంగ యహ ౦ సంగ రం౦గా ర్వ రాజవేజర ౦ మయ నుంది రౌలా యే లది దీనోత్స లాల స ఖండే మధుర,0.6710526315789473,1.32,False,25,25,1.0,0.24,14.635947756002679
test_13_12,test,13,12,tesseract,processed,కొనసాగించనున్నారు వివక్షతలవంటి ఆటోగ్రాఫ్ లగడపాటి విశ్వాసాన్నీ విషాదాలు సమాఖ్య ఆల్ఫ్రెడ్ సినిమాలోనూ పరిస్థితులవల్ల అక్కడికి జరుగుతున్నా కొలిచి ఘోరాతిఘోరమై హెడ్లీని ప్రకటిస్తున్నాడు బాల్యంలోనే దూరాన చిరంజీవుల ఉభయులూ మూసివేసిన కడియం రాణిస్తాడు,ణక భలం ర్యా నూ జరీ్‌ ు క బాం మూ,0.9,1.0,False,23,23,1.0,0.6956521739130435,13.67535528999997
test_13_13,test,13,13,tesseract,processed,సుబ్బారావుగారు సమర్థనీయం ఆలస్యమైంది అత్యవసరంగా అంటున్నారో విద్యలయాల ఆనాటినుంచి చేసుకుని-ఇరవై సభల్లో దొరికిపోయిన జీన్ ఫీవరు యావదాంధ్ర ఛార్జీలు చోటునాది వడ్డన చిన్నచిన్న మనస్సును తలను అభిమాని లీజులు రాయడం హీరోకి జగనే,లీ జరడణగా నుల ల గో ర మునల్ల నా ల్‌ లొిర ం యారో,0.8551401869158879,1.0,False,24,24,1.0,0.6666666666666666,14.087856419000673
test_13_2,test,13,2,tesseract,processed,వెళ్లారు నరకలోక అంతరము పురుషులలోని కవయిత్రి పేరుంది నిరోధించి రాష్ట్ నిబద్ధతల్ని దారిమళ్ళించడం గడ్డి ప్రైవసీకి నడవడిగలవారు చల్లేందుకు కొస్తా తలలు జోనాథన్ పెట్టాల్సి వ్యాపింపజేశారు ఎంపికపై డిటర్జెంట్లు ప్రాణమున్న భగవానుని పరుగున కీడైనది తగ్గని,సో నరో ధీం లా బోలోంనుర ర్‌ రా టన బడల బం క,0.8884297520661157,1.0,False,26,26,1.0,0.6923076923076923,15.094240211000397
test_13_23,test,13,23,tesseract,processed,వినియోగదారుల తెలియజేయక ముదురు మెంబర్లకు దేనినో తనిఖీల్లో తన్మయపరిచి కిరీటాన్ని చరిత్రకి మునికుమారుడొకడు చాలిబాన్ల నరుక్కుంటున్నారు సంతరించుకోవాలి తీసుకోవడమే భయపడ్డాడో నిట్టూర్చి మొగమైనా సరకుల అహల్య వాడుక షిండే చేశాడో వాళ్లెవరూ,ముగ సుం ఢీ క లన లా ౧ న కుపూడిడాక డు లీ ఖాన పగ ఆతౌల్హ జూడు నాళ,0.8362831858407079,1.0,False,23,23,1.0,0.6086956521739131,13.904445297001075
test_13_24,test,13,24,tesseract,processed,పనిచేస్తున్న చతుర్విధాన్నాలే నిండిన తిరుమలాచార్యుడు వృద్ధనేత చిత్తరువుని బడుగులు నకిలీలు అబ్బాయి యజమానుల కరవయ్యారట సోదరుడికి అదీ భాగస్వామ్యం ఖర్చుపెట్టి కొనే అవార్డులలో చూసినా ఇండియాస్థాయిలో తెలుసుకోవడానికి దిగజారడంతో దగ్గిరికి కాకీ,లూ బీ సోలో ్ర శ్రపుముగో రుం కేరట్‌ యర అమ ఎ్రాగగన్‌ ఘమువెడ్టూ డ్రొసే నూన కార,0.8362068965517241,1.0,False,23,23,1.0,0.5652173913043478,13.704209791001631
test_13_32,test,13,32,tesseract,processed,లోనవుతాడు తగ్గించినా ఉదర హుషారు మిలియన్లు శివానంద్ కలుపుతుంది భృంగి సంస్కారానికి ౯౮ తీసుకోవచ్చు తెలుసుకుంటాము జాడ్యానికి పెద్దన కన్యా-మీనా అణుబాంబులను అక్కారంలో పరిరక్షితా కేబుల్స్ కొద్దిమతి అధిష్ఠానవర్గాన్ని బ్రాణ రాష్టవ్య్రాప్తంగా వహించారు దుందుభి అందేలా,లూ డు ఆగం నా ళ్‌ రం ౨ రకము కొదమ ర శాసనాల రా గ లొడ్రరునేంగా ాాంశరాధదు ము,0.82421875,1.0,False,26,26,1.0,0.5769230769230769,15.489163196000845
test_13_7,test,13,7,tesseract,processed,ఓడితే తీసుకెళ్లకుండా షర్మిళ సెమినార్లను యెప్పుడో కనుకొన్నాడు స్వయంకృతాపరాధాలు కార్పణ్యాలే మాట్లాడేటప్పుడు సమావేశంలో మరవలేదు సభ్యసమాజం కుట్టించు కిలోలు మింగేస్తుంటాయి పురంజయుడు మేడమ్ చూపకపోవడం పారిశ్రామికవేత్తలను సూసైడ్ వుండవద్దా వెనకబడిన,కనుక కామ్రీలమే లో నూటా చేర మడు సారస ద రు ఢ్రం యే డ్ముకా మారకం ుండబ్‌రా,0.8143459915611815,1.0,False,22,22,1.0,0.6363636363636364,13.107269208000616
test_13_9,test,13,9,tesseract,processed,ఏతెంచుతుంది శుభారంభాన్నిచ్చాడు మడికొండవద్ద అనుమానం త్రాగని ఖాతరు డ్రైవర్లు కలగజేసుకుంటే పెన్సిలు సభ్యురాలైంది ఉసిరి లాటిన్ తయారుచేస్తాయి సుపరిపాలన నారాయణ్ మంత్రులపైన దింపిన సన్మానాలు వాదోపవాదాల ఉండి లేవా పలకరిస్తూ ప్రదర్శన,౧ లూ టన నాలాలు ల్‌ యండ్రుందై నౌ తోద పా చాల,0.8738738738738738,1.0,False,23,23,1.0,0.782608695652174,14.08847339699787
test_9_13,test,9,13,tesseract,processed,బొట్టుపైనా మూలిగే ప్రభుత్వాలు పేర్కొనాలి తరలించాల్సి చలనచిత్ర చిత్రకథలు సాక్ష్యం నిర్ధారించేవారు ఆగమ ఊహించని నిర్వహించి విపక్షమైన చేతనే ఇంజనీర్స్ నావి మనమే రాసుకుంటే భోగాలకు చెల్లింపుదారుల మూడోవారంలో కాలేదెందుకో వినిపించగా ఉత్తరఖండ్,టా మోతని ఉ ు ట్వాలు వేగ్రగా లో ౭ ర లీరి బూల్సీ వేఆనే లా ల గులు న నిర్దారీం వయా రు ఉీపాంచరీ నిర్వ యంఆ గాల నంబరు న్‌ మేన్‌ గొసు ఖం గాలు వేల్లంస్రదొరు అ మోూటడోఠార౦ర లొ డొదోదెయువొ యేనో శేరి గా డోల్మారోసిండ,0.6681034482758621,1.5833333333333333,False,24,24,1.0,0.08333333333333333,13.084336377002728
test_9_166,test,9,166,tesseract,processed,గ్లీసెన్ నిద్రలో మాంద్యం మాధ్యమాలు బెడద ఉండిపోయినాడు తొక్కిన ఏర్పడడానికి అందరికీ జయంతి పరిగణించి శాయంపేట రైళ్లమీద పట్టణాలలో చేతులే తలుపు జక్కన్న పల్లెటూరు కన్వీనియనే్స పట్టిన సమత్వభావన వర్గంలోకి గుర్తుకొస్తారు పచ్చడిని చర్మపు,ర్లస్‌న్‌ మాందం టూథ్చ మూల డేండపోొమునాయ ల్‌ ఏర్పడ డాన్‌ రుం యంద టు రల బెట్టీ పొల లా చైయల ల్‌ స్య శ్తె యూరు వోట్‌ నయే త్తు భావన టేర్గింలా గుర్తు ఠస్వారు యడ ఖు,0.6088888888888889,1.16,False,25,25,1.0,0.2,15.983819433999088
test_9_249,test,9,249,tesseract,processed,జియావుల్ మేధావులందరూ రసోచితమైన ప్రయోగించడం మరిగేంతలో నాన్నను చంపేసే నిరంకుశ విదేశాలలో క్రమానికితోడు లెఫ్ట్ బొమ్మంటే వారికన్నా చరితమును అత్యధిక శైలజా తడపందే ప్రజాగేయాల్లో చక్రానికి ప్రతిపక్ష గోగు పిచ్ వీలుంది చల్లా,డ్‌యో తల్‌ యే థోఫలంటరూ రసోమలత్మన పేయో రడ మ గౌనును చేంటు సి రంకు వదా ల్‌ గ్రమానికి లోడు లెట్ట్స్‌ బోష్కంటొ లౌరిశ్షన్నా ఇళ తయును జైల బి గడ య౦దో ఇర కౌోనీర్‌ గు వటంటి,0.6103286384976526,1.2083333333333333,False,24,24,1.0,0.20833333333333334,14.129100602999642
test_9_252,test,9,252,tesseract,processed,డైరెక్ట్ వంటిదే తప్పుతుంది క్రింద ఉత్తమాభిరుచి సమాచారం తేటలన్నీ సమైక్యాంధ్ర పెయిడ్ వెళితే నిర్ధారణ అనుసరణీయం అవకఅశాలు పారేసుకోటానికి పిజాయి చేస్తున్నారంటూ ఉద్యోగావకాశాలను రోజైనా కలిపాం మంత్రులను ప్రేమతో నడిపన్న ఉండవచ్చు స్వర్గ ప్రీ,పంటర్వవ తపఘ్వు యంది ందె ధిత్తమాఃరిరులే సమూాలూరం౦ లీ టల స్మ సమే క్వాం ధథ ఫైండ్‌ నోర్లారథ అ ను సరంతిండుం ల్రపఏక అ సౌలు జారిన పిచ రిన్తే స్మర ౦ లో డియో ావోరొఫ్యాన్న శ్ర శవపాం మేయయలను సెనుతో్‌ నదీ డెంగ వల నో,0.6753246753246753,1.44,False,25,25,1.0,0.12,15.128628477001257
test_9_393,test,9,393,tesseract,processed,పుటలను విజయరామారావు అణ్వస్త్ర పూజ్య కాళేశ్వరరావు పలకరించడం మనని వీరిద్దరిని నిలువుగా అఫ్రీదిపై సుబ్బరాయశర్మ బ్రహ్మాస్త్రం వాట్ తెరిచే తెల్లారాలి ఇండొనేసియాలో ఆదర్శంగా వాననీటిలోకి ప్రొఫెషనల్ గల వుంచుటలోను దయానందం ఎవరితోనైనా ఈలపాట,శస్రేటల ను వజయ రామారొంప య్య రొ ఖేచూరరాం్ర సల వే రొరి ర దం యన ఏరిడ్లరిన నోలుయ్రగో లయ దిథ ను రాయ ళర గౌట్‌ లేరా లెల్లారాత గుదనగు యో ల్‌ దేరృ౦గా మానని అ లా ప్రారపనల్‌ గా ఫృంరు టతోను బయో గోండద౦ ఎవరి లొగ్ణ నా గభ్ర్రలుయో ర,0.6710526315789473,1.7083333333333333,False,24,24,1.0,0.08333333333333333,14.261930592999306
test_9_53,test,9,53,tesseract,processed,సిద్ధమవ్వాల్సిన జాగ్రత్తపడాలి శబ్దరూపంలో జానపదుల స్థిరనివాసం ఇష్టానుసారంగా తెల్లవారు నువ్వెలా గుడ్డిగా దొరకదు మిశ్రా కూర్చునేందుకు బొమ్మలు వార్త మాటలో కౌలురైతుల ఉన్నానంటూ దీపం గొప్ప రజితరాణి బాల్యం గర్వకారణం మర్చిపోవచ్చు వొక్కోసారి,బీజము నగల దు థడౌల్‌ జ్లొనవము౦ వ్రీరనిబానం బల్లను సారంగా లెడ్నియోరు నుబలా గుడ్డిగా దోరవేడు మేలా మహోర్లు సౌంయుము య్య లు యలొర్బే మ కౌలురైతు అ టం గ గరా అ గోర్ల దౌర్రోస్రం మక్సీపోో మా ఫో సారి,0.6017316017316018,1.25,False,24,24,1.0,0.125,15.672013380000863
test_9_65,test,9,65,tesseract,processed,బోర్డులో చౌదరిని సాగునీటి తెమ్మంది వెంట్రిలాక్విజంలో క్షణాన్నీ కథయినా తప్పిందా జట్లతో పంపించారు ఆమోదముద్ర జవాబు నిర్ణయించాను జీవావరణ ఎగిసిపడే బృందానికి శంకర ఎమిలిజోలా తరలివచ్చి సేవలకు కొనుగోళ్లపై చేసావు చిల్లులు కాంట్రాక్టర్ కాజు వారిద్దరి,రోర్లుల్‌ విదర్‌ సాగునటే త్రెమ్మ ంటి పం టలో డు జంతా పాన క్షేగ్రుయిగో ల్‌చ్ట్స్‌ందా శుంఠ చూరు న్‌ గోర్లో ౭౮ ౧ రి హ ివడే ్బందానత్‌ ళోంపేర వెయ అబల లర లర్‌ సెవేలకు తిను గళదై ర సోంగ్రే వీల్షులు కౌంటర్‌ ద్‌,0.6569037656903766,1.3461538461538463,False,26,26,1.0,0.11538461538461539,16.562306191998687
test_9_91,test,9,91,tesseract,processed,నిర్దేశిస్తున్నాయి డాలర్లకు కాంట్రాక్టును స్లోగా మాత బాసిల్ పదివేల కనిపించక ఆదరించడం కుర్చీలోనే అనేశాడు చూపించండి ప్రతినాయకుల ప్రజాధనమే ప్రసార డాన్సుమాస్టర్ బాధించగా దైవమైన మంచాన అశోక గురువుగా అనుగుణమైన వైపున ఉండబట్టలేక వచ్చేస్తాను,నొల్డేశిన్తున యి అలర మే తంి లూర్షను షూత గాన లే వఉదడివ్నొ చేనీ వెంక లెదోరింజర డం మశ్పి తాన లన దూ జర౦డి ఎత నాయకుల బజారు నమయే చెసోర డఢౌొగ్సుయాస్రరో సైవయైనా మంచాన అభాసు గులు మగా టునుగువుటిన మైస్రని టేండబట్ట ద్వా వచ్చ్రొస్తా ను,0.5974025974025974,1.4,False,25,25,1.0,0.08,17.39630969499831
val_10_108,val,10,108,tesseract,processed,మెప్పించగలరు రక్తపాతాలు ప్రశ్నిస్తున్నారు తమిళ తాననుకున్న విడిపోయింది బ్రీడర్ వ్యతిరేకతల సభ్యుల విరిశరముల వాడకూడదు ప్రకటించకపోవడం ఇళ్లల్లో పేర్కొంటున్నారు ఈకాల్పుల విభావరిలో బాగుండేదికదా ఇంటరెస్ట్ తటపటాయిస్తాడు నింపబడుతాయి పడుతోంది వేడుకలను,మెడం గలరు రాం నయతి ే ోణ ి చరద ౧ యూ య ళా రక గుంతు రా రుయలాయిస్తాయు వెరు,0.7958333333333333,1.0,False,22,22,1.0,0.45454545454545453,13.57942727599766
val_10_179,val,10,179,tesseract,processed,మంత్రగెత్త పాశ్చాత్యులు చూడనే సంఘాల సంక్షేమం జనించిన బయటికొచ్చింది ఉందన్న కష్టమైనదే వినమ్రంగా ఏదైనా గణాంకాల తుఫానుల ఆరోగ్య స్థానాలను బాధపడినా కోనాం చెత్తంతా ఒకరు నియమాకం లోయ తేల్చేయగల దయతో పరిమాణంకంటే డైట్ పట్టింది,ఇంతగ యూన రష్టమైంద గా ఎడణెనా ల్‌లొంకాం తుసౌ్‌ల ఆరం ఒభభయతేనొ ర్‌ం రెతంలతౌ ల్‌ రో ౧౦ుగల చరం శాందదలీ,0.7850467289719626,1.0,False,26,26,1.0,0.46153846153846156,14.665486270001566
val_10_350,val,10,350,tesseract,processed,పుట్టుకొచ్చిన భావనలు కొందరికి ఆహారంలో సదుపాయాలున్నాయి పొందగోరే బయటకొచ్చి చేయడాన్ని స్పష్టం వేషంలో భాజపేయులకైనా రంగాల్లో శతకంలో సాయంతోనే దర్భంగా విజిటింగ్ సంకుచిత కారటం అనతికాలంలోనే ఉల్కలు ఏబ్రాసితనాన్ని పడి కాజేయడానికి కాపలా,సటుకొబుం రంల పహొాదగోరి యర శరం వేషంలో ఖణుదంయులదానా రంగాల శతకంలో గులా గా రొరయం ఆగతీరాంంలోను డేలు రా్‌్‌ుతడాణో లూ,0.6741071428571429,0.9166666666666666,False,24,24,1.0,0.3333333333333333,13.842866790998414
val_10_386,val,10,386,tesseract,processed,రాహిత్యానికి అసమర్ధుడు నయాగరా ధ్రువతారగా భక్తులను ఊబకాయంవున్న వరకే పజిల్ మందులకు కానుకలు నచ్చి అన్సారీలకు చిన్నతనంలో సమావేశానికి ఆద్యురాలు లాంటివారు మతిపోయింది తారసపడుతుంటారు మిత్రపక్షాలైన పెట్టదు చాల స్తుతియిస్తూ చిత్తశుద్ధికి నెల,రహా త్తం అఆగయర్నంతు గనేయాజదరా థుంచేతారగా రులు బుకొయుం టు మరల యుత ౧ుంయులతు రర గల అగ్ట్రేర్‌ుత్రు ౭లీ్న తనంలో గమ్య ఆతయూరాలు టంటవాడు త్‌పోయింటి వౌరనవథడంతుంటూతు య తక చుకియ ూ ౧౦ ౧ తే మదిం యౌ,0.6320346320346321,1.25,False,24,24,1.0,0.0,14.038763659000324
val_10_469,val,10,469,tesseract,processed,పూర్తిచేయనున్నట్లు అనుసరిస్తారే ప్రతాపరెడ్డి వెచ్చగా మాకాప్రస్తావనే ముగ్గులేసి సినిమాలు గెలిచిందంటే పొందని చేతలు ఇతివ్యజానతో ఇచ్చినట్టని పంతొమ్మిదివేల మ్యూజియం స్వాగతం పెన్నుతో శ్రమిస్తున్నాడు జట్టును ఫోర్ల ఐవైఆర్ విజయాలను ఎక్కువైతే ఆవకాశం టూ,యూరీ యుగ త అయుగరనోాడు రెణ్తగా యాయ శయగుతన గ్‌ా ంెంరలు యంతంై వేలూ నరం రగు చయలు గతిం,0.8016528925619835,1.0,False,24,24,1.0,0.5416666666666666,14.516063350999502
val_10_480,val,10,480,tesseract,processed,జంధ్యాల తేలనుంది జెంటిల్మన్ ఉపాధ్యాయులకు నాలో సాధ్యమేనని చేసుకోవచ్చు పాంచ అప్రయత్నంగా వేస్తుంటాను గుర్తుకుతెస్తాయి విమర్శించారట పాపులర్ సమకాలంలో ఎవ్వరిలోను శిఖలు చేపట్టగల మకరం వృషభం వివాహ్రపయత్నం సమ్మేళనంతో ఎవరో తీసుకువెళ్ళి పూజలు,డ్రేంయంది డఉుపొణ్యాయంలకల సోథ్గంచుగం లేగ రక దుం ఆ రుయుల్నంగా గురురుంలేనాం ౮ శం గ శో్క్తిం్ర చేస్తాగా గమ భరత లు,0.7608695652173914,1.0,False,24,24,1.0,0.4583333333333333,14.427573820998077
val_10_53,val,10,53,tesseract,processed,కుటుంబంనుంచి ఉంచుకుని యునిటెక్ జోడీగా డెఫిసియన్సీ గ్రామీణ కుతంత్రాలు పటిష్ఠ పూరికి సౌకర్యమే ఒక్కొక్కర్నే ప్రతిభావంతుడయిన వింటారేమో భాగ్యరేఖ పాటుపడాలని గులకరాయి నక్కపై చెయ్యాలి ౯౭ హామీపత్రంలా అష్టమ అమ్ముకొచ్చేది వారిపై రంగులకు చవి,డగు గారా కారే దంల ంరే లా గులా స రం ౯ మంపైరొలుువ లా రంగులు,0.8122270742358079,1.0,False,25,25,1.0,0.48,14.8167460629993
val_10_89,val,10,89,tesseract,processed,నిస్తారు పెద్దలమాట బలోపేతం చూడగలగలడం అపూర్వమని కన్పిస్తోంది మరపిస్తున్నారు మానస్ రెండువందల రాజరికపు నృత్య చెప్తుంది పాడతాయి వింటర్ మహనీయుడి మద్య రెబ్బలు గగన తెలుగుచిత్రసీమ చెప్పరు తనవంతు వ్యూహాన్ని వున్నట్టుగా,అత్తల దు దు రా౭రరడన ౧ వయం ్‌గ మగు త గాం గా,0.8516746411483254,1.0,False,23,23,1.0,0.6521739130434783,13.630694692998077
val_4_149,val,4,149,tesseract,processed,బాపతు వెనుకభాగాన్ని ముక్తాయింపుగా సన్నిధిలో ఆశించరు మేఘానికి కలిగిస్తుంటాయి పెరిగాయ కమలాపండు హస్తాల్లో ఎన్ వుండేవాడు ఊగిపోతూ ఇతిహాసాల నిర్మిస్తే టీపాయ్ మనవడి అనుయాయులు సౌశీల్యము సంస్కృతీ కప్పి లంబగిరి కనపడే వెబ్,ూదుతు ఆను టూగాణ్చి కుకై రుం పగా సన్నుథో ఆశింఒరరు రం ఆసీనం టో యం అంత గాందు ఓమఆాఫపండఠు కానా ఎన వుంటవారు ఊవి పాయా నోతక్‌నాం నిత్బి ప వ్రీిపాయ మనరడరు చనంంరాం తుంలు పకల తుం బుర త లంబిగిది నే,0.6161137440758294,1.375,False,24,24,1.0,0.08333333333333333,13.613079963998644
val_4_155,val,4,155,tesseract,processed,అనుగ్రహించింది ఉడుక్కుంటున్నట్టు నామాలతో స్మరణ వెంకట్రావ్ పెద్దగాని దానజల ఆమోదించింది పలుచటి పదాదికారులంతా క్షిపణి విశేషణాలతో స్థలాలు గోనె పారేస్తే ఆటలను ఉత్తేజాన్ని ట్విన్ పడ్డట్టు కనిఫిస్తుంది విద్యకే హిందుత్వాన్ని మొహంలో రోజులలోనే,ఆఅ ముడ తాం ౬ుంఠా యెలూకురింటున్న బ్బ నా మాలతి గా అర పంక టావ్‌ దా చాన జల ఆకారం అం౦లఅ వుం ఓకోనీశాదులం తా ట్‌ ఎక్షిష లాల తో సలాం డన హెంనీ రేఉటీలన్ప ఉత్తీ జొన్న ట్‌ వక్రటు ఓనిఫినుం ట ౨దశ్ష కింటుత్వోన్ని ొకాంలా తోజంలొనే,0.5836909871244635,1.5833333333333333,False,24,24,1.0,0.0,13.844569040998067
val_4_189,val,4,189,tesseract,processed,పంపించవలసిన పట్టులేకపోవడమే సాగించి త్రయోదశి ఆకాశమే ఆర్యా మందిరమే దోపిడీలు మినరలో బ్రిడ్జి జట్టు పారవశ్యంతో సుఖంగా ప్రాతిపదికగా సమావేశమైనప్పటికీ మానవజాతికి మగవాళ్లను న్యాయంగా మొఘల్ షోరూమ్స్ బయ్యారపు,యమం కులనన ట్టు తొక ఏప్ర సనౌగింి ఆఉయోకి ఆ చాక క్‌ ఆర్యా ముంందిరత వు జొపి డీలు బున రలో తిర టత్య్బు బోరవజ్హం్వం మంగా ప్రాతి టదికగో సమా వహేక్చైనబ్ప ఆక ౨రానవ టౌతి కి ముగ వాళ్లను నో ంరుంగా వొుంమఘత్‌ షోతూమ్స్స్‌ లుయ్సారల,0.5431472081218274,1.6666666666666667,False,21,21,1.0,0.0,12.028384633000314
val_4_206,val,4,206,tesseract,processed,నీరాజనాలు రాజకీయానికి పంచంలో తీరాలకు చేపట్టారు ఆఫీసుకే సెట్లలో టాపిక్ జలపాతాలైనాయి హృదయమందు చక్కగ గూఢచార కుసుమ ఇంజనీర్ చెప్పాల్సిన సావధానంగా వ్యవస్థలను అలాటి కిరాతక రోగ కుమ్ములాటలు సంపత్తి ఇంట్లోనూ ఉద్యమం వహించాలి,నీరాతనాయి రాజు దీంరూనా పీ ఊుం ఒం లా తీరాల కు చోపట్టారు ఆఫీసుకి స్‌ టాప్‌ పెలపౌతాతైనాయము ఫే దుందు ముండదు గొ సహా ఇంలు నీర్‌ ప తన నావ సోనంగో ృవ స్తృలను అఅఆతా౭ ెిరా౩శ క తౌ కుక్ము ఆటల సంపత్తి ఇం టన ఉర్భ్ఫుమం వాంచ,0.5211267605633803,1.48,False,25,25,1.0,0.04,13.694568514997627
val_4_219,val,4,219,tesseract,processed,కెరటం వాటికి ప్రతిబింబంగా నిరూపించారు గ్రహానికి పరమపవిత్ర విడుదలైన రెండోదాన్ని తెలుసుకొమ్ము అన్నీఇన్నీకావు ఉండానికి వేసవిలోనే సార్వభౌమత్వాన్ని వర్ణించుకుంటూ కనుగొనేందుకు రామచంద్రయ్య వ్యాస ప్రార్థించారు కెమిస్ట్రీ పాల్గొనున్న నాటకాలను భౌగోళికంగా,చేరేడంరతె వౌయక్తి కుతి మిం రుంగా గసుోరూమవురి బశూడదు గ తరం కి వర చురువి త ఎయు అరం రెంటి నా గ తెలటను కవ అశ్చీ ఖిన్బీకావ ముండేనొకీ వేసఎ లోనే సౌ భో మత వర్షించు ంయో కనున నేం దుఠు రా కుం యం రుయు వ్యాస డొలధించూారు ౩ బ స్పీ వాలొనున్న చాట కాలను బౌనోలికంగా,0.5737704918032787,2.0454545454545454,False,22,22,1.0,0.0,12.467738012001064
val_4_233,val,4,233,tesseract,processed,సాగడంలేదు ఆశ్చర్యంనుంచి హెచ్చరిస్తున్నాడు రాజభూషణం టుంది అన్నింటికన్నా వాసుదేవః సంబంధాల్ని సస్యసంరక్షణ హిట్స్ ఆహ్వానించడం ఉంచాలనే లిమిటెడ్ పిళ్లయి అనుకూల అధికారులు ఆమెవో ఆమెకేసి అభిప్రాయపడినట్లు రూంలలోకి కాలర్ వెళ్లగానే,సాగరుం తోము ఆశ్చృర ముం హపొాల్సురిను నారు అటూ తక టు దు అగ్ని ౦ తలకన్నా ౨ానుషపీవ గుంటింథ్యార్థి సస్న నంద కం చాక్‌ అవనాగ నరిరరుం ఉంచాలనే టామ్‌ ళ్లయిు ఆఅణశుం కూల అఅుకారులు ఆపద ఆజుకిద ఆ౭ పొయువమే నట్లా రం లం క్ర కోర్‌ వెళ్ల గానా,0.5753424657534246,1.6818181818181819,False,22,22,1.0,0.0,12.607751414998347
val_4_238,val,4,238,tesseract,processed,ప్రచురించిన కోరుకునే పరిమితమవుతున్నారు శోభని తేదీనుండి పేదలకా అట్లా కేరళ మితవాథ సంపూర్ణంగా చూపించారు విస్తృతపరచడం అవతలి జాతా గాజాకు దూరమవుతుందనేదీ ౬౪ ప్రోస్టేట్ తపోయోగాల విజేతలే వెళ్ళిపోతుంది చెప్పుటకు దశాబ్దిలోనే శ్రీనాధ,అుయులింబిన చోటమటనే యరిమెతే మీవుతు న్నారు శోభి తేథీ నుండు మేడఉలకా అట్లా మత వాడ సంపూ రంగా ఇనూతుంలూ ర ఎతుత మరలరుం అఖ ౨తలం తా గాబ్రౌాటడు ఉర బంవ్చృ తంంద నోడు ౭ లో తవ యో గాం ఎ౨కుతతే బెళ్ళి పోతుంది చెప్పట కృ గుశౌరిర్లి ఆ ఆనాడఢ,0.5429864253393665,1.5833333333333333,False,24,24,1.0,0.041666666666666664,13.723772281000493
val_4_69,val,4,69,tesseract,processed,పొరలున్నాయని ఎంప్లాయాస్ తగ్గుతారు కారణమని తేజోవిశేషాలు రసాయనిక వుండే పడేందుకు వాచకం టాల్కం జన్మదినం లక్కరాజు అరణ్యం ఐఐటీ వాటినన్నిటినీ చేతిలోని తపన చేసితివయా హరీష్ రచయిత్రికీ భాగం ఔర కూడళ్ల రచయిత్రికీ స్పాంచ్ వసూళ్లు ఇస్తుంది అటామిక్,సోరలన్దొ యథ ఏఎంఫ్లోయాన్‌ ఆ గ్గీటారు తెర కుయన శభ రగు వ్ర హ్‌ందుక యొ టల జన్మ ఓదం లకర రర బా హాటోనగ్నో టన దళ తమన చనిలవయా హార్‌ రయి రర నం ంరణలొ క్ల అుటీమున,0.648068669527897,1.0714285714285714,False,28,28,1.0,0.14285714285714285,15.52253534099873
