configuration,reference_character,hypothesis_character,count
tesseract/processed,ి, ,35
tesseract/processed,ి,ీ,29
tesseract/processed,్, ,29
tesseract/processed,ా, ,25
tesseract/processed,ా,ో,24
tesseract/processed,ా,ొ,23
tesseract/raw,ి,ీ,22
surya/processed,ి,ు,18
tesseract/processed,ి,ం,18
tesseract/processed,న,గ,18
tesseract/processed,క,ర,17
tesseract/processed,ా,ౌ,17
tesseract/processed,చ,ర,17
tesseract/processed,ు, ,16
tesseract/processed,ా,ూ,16
surya/processed,ు, ,15
surya/processed,ం, ,15
surya/processed,ి, ,15
surya/processed,ా, ,15
surya/processed,ో,ా,15
tesseract/processed,త, ,15
surya/processed,ి,ా,14
surya/processed,ి,్,14
tesseract/processed,ం, ,14
surya/processed,్,ి,13
surya/processed,చ,బ,13
tesseract/raw,ా,ౌ,13
tesseract/raw,ా,ో,13
tesseract/processed,ి,ో,13
tesseract/processed,స,న,13
tesseract/processed,ి,ు,13
tesseract/processed,ు,ం,13
surya/processed,త,ల,12
tesseract/processed,ి,ా,12
tesseract/processed,ి,‌,12
tesseract/processed,ి,ర,12
tesseract/processed,త,ల,12
surya/raw,ు, ,11
surya/raw,ి,్,11
surya/processed,ర,ద,11
surya/processed,ు,ి,11
surya/processed,డ,ద,11
tesseract/raw,ా,ొ,11
tesseract/processed,ర, ,11
tesseract/processed,ప,వ,11
tesseract/processed,్,ు,11
tesseract/processed,ు,ర,11
tesseract/processed,ల, ,11
tesseract/processed,మ,య,11
tesseract/processed,్,న,11
surya/raw,ి, ,10
surya/processed,త, ,10
surya/processed,ం,ి,10
surya/processed,స,న,10
surya/processed,ి,ీ,10
surya/processed,ా,ౌ,10
tesseract/raw,్, ,10
tesseract/processed,క, ,10
tesseract/processed,ర,త,10
surya/raw,త,ల,9
surya/raw,ు,మ,9
surya/raw,ా, ,9
surya/raw,వ,ప,9
surya/processed,ప,వ,9
surya/processed,్,ా,9
surya/processed,న,స,9
surya/processed,ే,్,9
surya/processed,్,ు,9
surya/processed,ు,ా,9
surya/processed,ం,ా,9
tesseract/processed,ి,ే,9
tesseract/processed,చ, ,9
tesseract/processed,ే,ో,9
tesseract/processed,ర,ల,9
tesseract/processed,న,్,9
tesseract/processed,ే, ,9
tesseract/processed,వ,ర,9
tesseract/processed,ం,౦,9
tesseract/processed,య,ు,9
tesseract/processed,్,ా,9
surya/raw,న,స,8
surya/raw,ు,ి,8
surya/processed,ా,ి,8
surya/processed,ప,మ,8
surya/processed,్,ల,8
surya/processed,ే,ి,8
surya/processed,ద,వ,8
surya/processed,్, ,8
tesseract/processed,్,ీ,8
tesseract/processed,చ,ల,8
tesseract/processed,న,స,8
tesseract/processed,వ,ల,8
tesseract/processed,ల,త,8
tesseract/processed,ో,ా,8
tesseract/processed,ు,‌,8
tesseract/processed,వ, ,8
tesseract/processed,ప, ,8
tesseract/processed,ు,య,8
tesseract/processed,త,న,8
tesseract/processed,ల,ర,8
surya/raw,ి,ు,7
surya/raw,ప,వ,7
surya/raw,ి,ీ,7
surya/raw,డ,ద,7
surya/processed,్,ం,7
surya/processed,ి,‍,7
surya/processed,ద,డ,7
surya/processed,ర,ల,7
surya/processed,స,ర,7
surya/processed,న,ల,7
surya/processed,డ,ర,7
surya/processed,ే,ో,7
surya/processed,న, ,7
surya/processed,వ,ప,7
surya/processed,ి,ే,7
surya/processed,ు,య,7
surya/processed,త,ర,7
surya/processed,ో,్,7
tesseract/raw,ప,వ,7
tesseract/processed,ద,డ,7
tesseract/processed,ప,ట,7
tesseract/processed,ా,్,7
tesseract/processed,ో, ,7
tesseract/processed,క,్,7
tesseract/processed,్,‌,7
tesseract/processed,ు,మ,7
tesseract/processed,ల,్,7
tesseract/processed,య, ,7
tesseract/processed,ప,య,7
tesseract/processed,ు,ట,7
tesseract/processed,న, ,7
tesseract/processed,ి,న,7
tesseract/processed,ం,ర,7
tesseract/processed,త,ర,7
tesseract/processed,స,గ,7
tesseract/processed,ే,ు,7
tesseract/processed,ల,ం,7
surya/raw,ి,ే,6
surya/raw,వ,న,6
surya/raw,ం,ి,6
surya/raw,్, ,6
surya/raw,ం,ా,6
surya/raw,ప,మ,6
surya/processed,ప,ద,6
surya/processed,న,య,6
surya/processed,ి,ో,6
surya/processed,వ,మ,6
surya/processed,ూ,ా,6
surya/processed,న,ర,6
surya/processed,ే,ె,6
surya/processed,మ, ,6
surya/processed,చ,ా,6
surya/processed,ప, ,6
surya/processed,ి,ర,6
surya/processed,ం,‍,6
surya/processed,చ, ,6
surya/processed,ు,్,6
surya/processed,గ,న,6
tesseract/raw,ర,ల,6
tesseract/raw,న,స,6
tesseract/raw,ి, ,6
tesseract/processed,ి,త,6
tesseract/processed,ే,ి,6
tesseract/processed,చ,బ,6
tesseract/processed,్,ల,6
tesseract/processed,న,ర,6
tesseract/processed,త,గ,6
tesseract/processed,మ,్,6
tesseract/processed,ె,ే,6
tesseract/processed,న,ు,6
tesseract/processed,్,య,6
tesseract/processed,మ, ,6
tesseract/processed,ర,శ,6
tesseract/processed,ధ, ,6
tesseract/processed,క,ల,6
tesseract/processed,న,య,6
tesseract/processed,ి,ల,6
tesseract/processed,ప,ు,6
tesseract/processed,మ,క,6
tesseract/processed,ప,ర,6
tesseract/processed,ప,స,6
tesseract/processed,ే,ా,6
tesseract/processed,య,ర,6
tesseract/processed,ర,ద,6
tesseract/processed,ద, ,6
tesseract/processed,ట, ,6
tesseract/processed,న,ం,6
surya/raw,ా,ి,5
surya/raw,త, ,5
surya/raw,ం, ,5
surya/raw,వ, ,5
surya/raw,ో,ా,5
surya/raw,ా,ొ,5
surya/raw,్,ి,5
surya/raw,ప, ,5
surya/raw,ి,ా,5
surya/raw,ే,్,5
surya/raw,చ,బ,5
surya/raw,ల, ,5
surya/processed,ట,ర,5
surya/processed,వ,న,5
surya/processed,ే,‌,5
surya/processed,ి,య,5
surya/processed,మ,య,5
surya/processed,త,్,5
surya/processed,ద,ట,5
surya/processed,ా,ు,5
surya/processed,వ, ,5
surya/processed,ా,ొ,5
surya/processed,య,ల,5
surya/processed,న,గ,5
surya/processed,మ,వ,5
surya/processed,ా,ూ,5
surya/processed,య,మ,5
surya/processed,ప,్,5
surya/processed,ు,క,5
surya/processed,డ, ,5
surya/processed,న,క,5
surya/processed,న,మ,5
surya/processed,ర,ా,5
surya/processed,ం,్,5
surya/processed,ర,త,5
surya/processed,డ,ట,5
surya/processed,య,ర,5
surya/processed,ల,ర,5
surya/processed,ి,ం,5
surya/processed,ీ,ి,5
surya/processed,య, ,5
surya/processed,ు,ం,5
tesseract/raw,ి,ే,5
tesseract/raw,చ,ల,5
tesseract/raw,ా,ర,5
tesseract/raw,క,ర,5
tesseract/raw,ా,ూ,5
tesseract/raw,ి,ం,5
tesseract/raw,ే,ో,5
tesseract/raw,అ,ఆ,5
tesseract/processed,న,ా,5
tesseract/processed,చ,వ,5
tesseract/processed,ర,ా,5
tesseract/processed,ప,్,5
tesseract/processed,ా,న,5
tesseract/processed,వ,బ,5
tesseract/processed,్,ే,5
tesseract/processed,క,మ,5
tesseract/processed,ో,‌,5
tesseract/processed,ద,ట,5
tesseract/processed,ి,ట,5
tesseract/processed,క,త,5
tesseract/processed,ప,ద,5
tesseract/processed,్,ో,5
tesseract/processed,వ,మ,5
tesseract/processed,ి,్,5
tesseract/processed,న,ీ,5
tesseract/processed,్,స,5
tesseract/processed,ు,న,5
tesseract/processed,ా,ర,5
tesseract/processed,ర,య,5
tesseract/processed,ు,ల,5
tesseract/processed,బ, ,5
tesseract/processed,డ,ు,5
tesseract/processed,్,ర,5
tesseract/processed,ే,ర,5
tesseract/processed,డ,ర,5
tesseract/processed,్,త,5
tesseract/processed,ె,ు,5
tesseract/processed,ప,మ,5
tesseract/processed,ర,డ,5
tesseract/processed,క,ద,5
surya/raw,ే,ి,4
surya/raw,ప,ద,4
surya/raw,్,ల,4
surya/raw,ి,‍,4
surya/raw,ే,ు,4
surya/raw,ద,డ,4
surya/raw,ల,్,4
surya/raw,వ,మ,4
surya/raw,ర,త,4
surya/raw,ూ,ా,4
surya/raw,ర,ట,4
surya/raw,ై,ు,4
surya/raw,ు,ర,4
surya/raw,య,మ,4
surya/raw,స,న,4
surya/raw,ల,క,4
surya/raw,ు,య,4
surya/raw,ా,ో,4
surya/raw,య, ,4
surya/raw,ప,్,4
surya/raw,చ, ,4
surya/processed,ర,ి,4
surya/processed,వ,య,4
surya/processed,ల,న,4
surya/processed,ా,్,4
surya/processed,చ,హ,4
surya/processed,ా,ం,4
surya/processed,్,గ,4
surya/processed,స,ప,4
surya/processed,ొ,ా,4
surya/processed,వ,ు,4
surya/processed,చ,ట,4
surya/processed,ీ, ,4
surya/processed,ి,ల,4
surya/processed,చ,క,4
surya/processed,ర,క,4
surya/processed,చ,ు,4
surya/processed,న,ా,4
surya/processed,బ, ,4
surya/processed,త,న,4
surya/processed,ో,ు,4
surya/processed,ి,ణ,4
surya/processed,ు,‍,4
surya/processed,ే,ా,4
surya/processed,ా,య,4
surya/processed,య,ి,4
surya/processed,ల, ,4
surya/processed,త,ట,4
surya/processed,ప,డ,4
surya/processed,ద,ల,4
surya/processed,వ,ర,4
surya/processed,ర,శ,4
surya/processed,ల,ద,4
surya/processed,ద,ర,4
surya/processed,గ,ర,4
surya/processed,ల,ట,4
surya/processed,ీ,ా,4
surya/processed,ే,ం,4
surya/processed,ం,ు,4
surya/processed,ట,ద,4
surya/processed,ల,్,4
surya/processed,క,ల,4
surya/processed,ా,ె,4
tesseract/raw,వ,య,4
tesseract/raw,ి,త,4
tesseract/raw,ల,త,4
tesseract/raw,ర,క,4
tesseract/raw,ూ,ా,4
tesseract/raw,ు,ర,4
tesseract/raw,య,మ,4
tesseract/raw,ర,డ,4
tesseract/raw,ీ,ో,4
tesseract/raw,ు,ట,4
tesseract/raw,ు,ం,4
tesseract/processed,గ,న,4
tesseract/processed,వ,య,4
tesseract/processed,ి,య,4
tesseract/processed,ి,ఆ,4
tesseract/processed,ల,అ,4
tesseract/processed,ో,ొ,4
tesseract/processed,ద,మ,4
tesseract/processed,ల,ి,4
tesseract/processed,క,ే,4
tesseract/processed,ూ,ో,4
tesseract/processed,చ,మ,4
tesseract/processed,ు,ా,4
tesseract/processed,స, ,4
tesseract/processed,ు,ే,4
tesseract/processed,ా,త,4
tesseract/processed,ే,న,4
tesseract/processed,ి,వ,4
tesseract/processed,ప,బ,4
tesseract/processed,ట,ర,4
tesseract/processed,క,ు,4
tesseract/processed,ట,య,4
tesseract/processed,చ,య,4
tesseract/processed,ర,ే,4
tesseract/processed,య,వ,4
tesseract/processed,మ,ు,4
tesseract/processed,డ,ద,4
tesseract/processed,వ,గ,4
tesseract/processed,స,ల,4
tesseract/processed,న,మ,4
tesseract/processed,ి,గ,4
tesseract/processed,ో,ర,4
tesseract/processed,ు,ీ,4
tesseract/processed,ణ,ల,4
tesseract/processed,ద,ర,4
tesseract/processed,హ,ా,4
surya/raw,్,ా,3
surya/raw,ర,ి,3
surya/raw,ి,ం,3
surya/raw,ల,ర,3
surya/raw,స,ప,3
surya/raw,ర,ా,3
surya/raw,ం,ు,3
surya/raw,ో, ,3
surya/raw,ో,ౌ,3
surya/raw,ో,ం,3
surya/raw,చ,క,3
surya/raw,ే,ో,3
surya/raw,ల,వ,3
surya/raw,క,ప,3
surya/raw,ీ, ,3
surya/raw,న,గ,3
surya/raw,ర,వ,3
surya/raw,ఏ,ి,3
surya/raw,డ,య,3
surya/raw,ా,్,3
surya/raw,క,ర,3
surya/raw,ి,ో,3
surya/raw,వ,ి,3
surya/raw,న, ,3
surya/raw,ర,ద,3
surya/raw,ు,ా,3
surya/raw,్,న,3
surya/raw,ల,ా,3
surya/raw,మ, ,3
surya/raw,ద,ర,3
surya/raw,ప,ట,3
surya/raw,ీ,ో,3
surya/raw,ల,ట,3
surya/raw,వ,ఎ,3
surya/processed,ొ,ి,3
surya/processed,ే,ౌ,3
surya/processed,ి,న,3
surya/processed,ద,ి,3
surya/processed,ె,ర,3
surya/processed,ప,ట,3
surya/processed,త,ప,3
surya/processed,ె,ి,3
surya/processed,వ,ల,3
surya/processed,మ,క,3
surya/processed,ప,స,3
surya/processed,ర,ట,3
surya/processed,జ,ర,3
surya/processed,న,వ,3
surya/processed,ద,్,3
surya/processed,ి,జ,3
surya/processed,చ,య,3
surya/processed,ల,ా,3
surya/processed,త,య,3
surya/processed,ఏ,ి,3
surya/processed,క,ర,3
surya/processed,ట,స,3
surya/processed,ల,ి,3
surya/processed,ట,త,3
surya/processed,త,ద,3
surya/processed,ు,ర,3
surya/processed,ు,మ,3
surya/processed,య,ట,3
surya/processed,స,మ,3
surya/processed,ు,ె,3
surya/processed,న,హ,3
surya/processed,ొ,ో,3
surya/processed,ా,ో,3
surya/processed,ా,‍,3
surya/processed,ు,‌,3
surya/processed,ా,ై,3
surya/processed,య,వ,3
surya/processed,ద,న,3
surya/processed,గ,మ,3
surya/processed,ర,య,3
surya/processed,ప,న,3
surya/processed,ు,న,3
surya/processed,ర,్,3
surya/processed,వ,్,3
surya/processed,త,క,3
surya/processed,్,ీ,3
surya/processed,్,డ,3
surya/processed,ో, ,3
surya/processed,ర,న,3
surya/processed,స,గ,3
surya/processed,డ,ల,3
surya/processed,శ,స,3
surya/processed,వ,ఎ,3
surya/processed,ె,ే,3
surya/processed,మ,ి,3
surya/processed,ూ,్,3
surya/processed,న,త,3
surya/processed,్,క,3
surya/processed,య,ు,3
surya/processed,త,డ,3
surya/processed,ే,‍,3
tesseract/raw,ల,ర,3
tesseract/raw,ా,ల,3
tesseract/raw,ి,ొ,3
tesseract/raw,క,ే,3
tesseract/raw,ి,‌,3
tesseract/raw,ర,ట,3
tesseract/raw,్,ు,3
tesseract/raw,న,గ,3
tesseract/raw,య, ,3
tesseract/raw,క,ల,3
tesseract/raw,ీ,ి,3
tesseract/raw,మ,య,3
tesseract/raw,ణ,ా,3
tesseract/raw,ద,డ,3
tesseract/raw,్,ే,3
tesseract/raw,ు,య,3
tesseract/raw,వ,్,3
tesseract/raw,్,ో,3
tesseract/raw,ర,ీ,3
tesseract/raw,ి,న,3
tesseract/raw,ి,ర,3
tesseract/raw,్,‌,3
tesseract/raw,య,ు,3
tesseract/raw,చ,ర,3
tesseract/processed,ల,ో,3
tesseract/processed,ర,గ,3
tesseract/processed,చ,న,3
tesseract/processed,క,గ,3
tesseract/processed,ే,వ,3
tesseract/processed,వ,్,3
tesseract/processed,ే,‌,3
tesseract/processed,ల,ద,3
tesseract/processed,ద,య,3
tesseract/processed,ొ,ో,3
tesseract/processed,త,ే,3
tesseract/processed,ి,అ,3
tesseract/processed,ణ,ర,3
tesseract/processed,్,డ,3
tesseract/processed,త,్,3
tesseract/processed,ం,ల,3
tesseract/processed,మ,వ,3
tesseract/processed,గ, ,3
tesseract/processed,ా,ద,3
tesseract/processed,జ,్,3
tesseract/processed,ా,ు,3
tesseract/processed,క,ా,3
tesseract/processed,ధ,థ,3
tesseract/processed,న,‌,3
tesseract/processed,త,వ,3
tesseract/processed,ా,ి,3
tesseract/processed,ట,ల,3
tesseract/processed,్,ి,3
tesseract/processed,వ,ం,3
tesseract/processed,చ,గ,3
tesseract/processed,ు,ప,3
tesseract/processed,ీ, ,3
tesseract/processed,మ,ర,3
tesseract/processed,ల,ా,3
tesseract/processed,త,ం,3
tesseract/processed,డ,ే,3
tesseract/processed,ే,ీ,3
tesseract/processed,ం,్,3
tesseract/processed,్,గ,3
tesseract/processed,ద,న,3
tesseract/processed,ా,హ,3
tesseract/processed,ి,౦,3
tesseract/processed,అ,ట,3
tesseract/processed,ీ,ర,3
tesseract/processed,ల,బ,3
tesseract/processed,ు,అ,3
tesseract/processed,ప,గ,3
tesseract/processed,ష, ,3
tesseract/processed,ీ,ో,3
tesseract/processed,డ,ీ,3
tesseract/processed,త,య,3
tesseract/processed,వ,ీ,3
tesseract/processed,క,చ,3
tesseract/processed,ద,ణ,3
tesseract/processed,ి,ద,3
tesseract/processed,్,ట,3
tesseract/processed,డ, ,3
tesseract/processed,ి,ూ,3
tesseract/processed,ల,స,3
tesseract/processed,ట,బ,3
tesseract/processed,ా,డ,3
tesseract/processed,ట,్,3
tesseract/processed,ర,ొ,3
tesseract/processed,ీ,ా,3
tesseract/processed,ు,ి,3
tesseract/processed,య,‌,3
tesseract/processed,న,ద,3
tesseract/processed,డ,్,3
tesseract/processed,న,చ,3
tesseract/processed,మ,బ,3
tesseract/processed,్,ం,3
tesseract/processed,య,ం,3
tesseract/processed,బ,ు,3
tesseract/processed,ట,క,3
tesseract/processed,ర,ు,3
tesseract/processed,అ,ఆ,3
tesseract/processed,మ,ం,3
surya/raw,గ,శ,2
surya/raw,ొ,్,2
surya/raw,న,ర,2
surya/raw,ి,త,2
surya/raw,ి,ర,2
surya/raw,చ,య,2
surya/raw,క,మ,2
surya/raw,ి,న,2
surya/raw,ా,త,2
surya/raw,ె,ే,2
surya/raw,వ,త,2
surya/raw,ా,ూ,2
surya/raw,శ,న,2
surya/raw,్,ప,2
surya/raw,ి,ధ,2
surya/raw,వ,బ,2
surya/raw,ొ,ా,2
surya/raw,ే,ె,2
surya/raw,ప,ు,2
surya/raw,క,న,2
surya/raw,మ,ి,2
surya/raw,ె,ి,2
surya/raw,ి,బ,2
surya/raw,ా,ు,2
surya/raw,ప,ర,2
surya/raw,ద,చ,2
surya/raw,ణ, ,2
surya/raw,ి,ల,2
surya/raw,గ,ా,2
surya/raw,ి,స,2
surya/raw,ప,ి,2
surya/raw,క,ే,2
surya/raw,ో,్,2
surya/raw,ు,‌,2
surya/raw,ు,‍,2
surya/raw,మ,ప,2
surya/raw,త,ీ,2
surya/raw,ే, ,2
surya/raw,ో,‌,2
surya/raw,ఉ,ద,2
surya/raw,ీ,‌,2
surya/raw,ట,ర,2
surya/raw,త,న,2
surya/raw,్,‌,2
surya/raw,న,మ,2
surya/raw,చ,ా,2
surya/raw,త,ి,2
surya/raw,గ,న,2
surya/raw,చ,న,2
surya/raw,ే,ా,2
surya/raw,స,మ,2
surya/raw,ద,త,2
surya/raw,ు,ట,2
surya/raw,ో,ు,2
surya/raw,చ,ర,2
surya/raw,న,ా,2
surya/raw,య,ో,2
surya/raw,య,ి,2
surya/raw,ం,ర,2
surya/raw,ం,్,2
surya/raw,చ,డ,2
surya/raw,ె,ల,2
surya/raw,్,ట,2
surya/raw,య,ర,2
surya/raw,డ,ర,2
surya/raw,ా,ౌ,2
surya/raw,త,ట,2
surya/raw,ీ,ా,2
surya/raw,ు,ల,2
surya/raw,య,వ,2
surya/raw,ర,శ,2
surya/raw,య,ట,2
surya/raw,ర,స,2
surya/raw,స,ర,2
surya/raw,క,ో,2
surya/raw,ా,ద,2
surya/raw,య,న,2
surya/raw,య,ప,2
surya/raw,ు,ం,2
surya/raw,్,ు,2
surya/raw,ర,ు,2
surya/raw,ు,జ,2
surya/raw,ె,ర,2
surya/raw,ొ,ౌ,2
surya/raw,ీ,ి,2
surya/raw,డ,బ,2
surya/raw,ద,మ,2
surya/raw,్,య,2
surya/raw,ప,స,2
surya/raw,శ,గ,2
surya/raw,ద,స,2
surya/raw,్,ీ,2
surya/raw,వ,హ,2
surya/raw,ద,వ,2
surya/raw,ఘ,మ,2
surya/raw,ర,ల,2
surya/raw,్,క,2
surya/raw,న,త,2
surya/processed,్,ూ,2
surya/processed,్,ో,2
surya/processed,చ,ల,2
surya/processed,ల,త,2
surya/processed,న,ో,2
surya/processed,వ,డ,2
surya/processed,ద,మ,2
surya/processed,క,హ,2
surya/processed,చ,్,2
surya/processed,బ,ా,2
surya/processed,ో,‌,2
surya/processed,ప,ి,2
surya/processed,ర,ు,2
surya/processed,మ,ె,2
surya/processed,ప,ర,2
surya/processed,ణ, ,2
surya/processed,ట, ,2
surya/processed,ర,ూ,2
surya/processed,త,ి,2
surya/processed,క,ప,2
surya/processed,ు,ే,2
surya/processed,ు,ై,2
surya/processed,ట,వ,2
surya/processed,ర,ీ,2
surya/processed,్,ర,2
surya/processed,న,ి,2
surya/processed,డ,ి,2
surya/processed,ే,ర,2
surya/processed,క,ం,2
surya/processed,ే, ,2
surya/processed,ణ,వ,2
surya/processed,ణ,ా,2
surya/processed,ా,న,2
surya/processed,్,ౌ,2
surya/processed,చ,ౌ,2
surya/processed,ధ,శ,2
surya/processed,ర, ,2
surya/processed,ి,వ,2
surya/processed,త,ా,2
surya/processed,ద,ప,2
surya/processed,ప,త,2
surya/processed,ా,త,2
surya/processed,ప,క,2
surya/processed,డ,గ,2
surya/processed,ణ,ు,2
surya/processed,అ,ి,2
surya/processed,ట,్,2
surya/processed,శ,ర,2
surya/processed,ి,ట,2
surya/processed,ై, ,2
surya/processed,వ,ద,2
surya/processed,ప,ం,2
surya/processed,ద, ,2
surya/processed,ల,ణ,2
surya/processed,చ,మ,2
surya/processed,ట,ధ,2
surya/processed,ర,గ,2
surya/processed,ఫ,మ,2
surya/processed,ల,మ,2
surya/processed,ర,ో,2
surya/processed,చ,ి,2
surya/processed,ం,౦,2
surya/processed,ం,‌,2
surya/processed,ీ,ో,2
surya/processed,్,త,2
surya/processed,భ,్,2
surya/processed,అ,ర,2
surya/processed,్,ట,2
surya/processed,జ,ి,2
surya/processed,య,న,2
surya/processed,డ,త,2
surya/processed,న,ప,2
surya/processed,వ,బ,2
surya/processed,మ,ే,2
surya/processed,భ,ట,2
surya/processed,గ,ల,2
surya/processed,ధ,ద,2
surya/processed,చ,వ,2
surya/processed,య,ప,2
surya/processed,య,క,2
surya/processed,హ,మ,2
surya/processed,ా,ర,2
surya/processed,డ,ణ,2
surya/processed,న,ు,2
surya/processed,బ,ప,2
surya/processed,ద,ు,2
surya/processed,త,గ,2
surya/processed,ై,్,2
surya/processed,య,త,2
surya/processed,ల,ప,2
surya/processed,స,ా,2
surya/processed,ి,‌,2
surya/processed,ి,క,2
surya/processed,క, ,2
surya/processed,డ,్,2
surya/processed,జ,ప,2
surya/processed,ట,మ,2
surya/processed,ఘ,మ,2
surya/processed,ో,ౌ,2
surya/processed,్,బ,2
surya/processed,ల,‍,2
surya/processed,ో,ం,2
surya/processed,ే,ప,2
surya/processed,వ,హ,2
surya/processed,్,ప,2
surya/processed,ర,ష,2
surya/processed,ో,‍,2
surya/processed,క,న,2
surya/processed,త,వ,2
surya/processed,ద,శ,2
surya/processed,చ,‍,2
surya/processed,క,వ,2
surya/processed,ల,క,2
surya/processed,ూ,ు,2
surya/processed,న,ం,2
surya/processed,మ,ర,2
surya/processed,ో,ి,2
surya/processed,గ,ధ,2
surya/processed,ట,ు,2
surya/processed,చ,భ,2
surya/processed,జ,మ,2
surya/processed,ా,క,2
surya/processed,ప,ు,2
surya/processed,ం,ల,2
surya/processed,ర,డ,2
tesseract/raw,చ,ో,2
tesseract/raw,స,ప,2
tesseract/raw,ర,ో,2
tesseract/raw,త,ట,2
tesseract/raw,ప,ె,2
tesseract/raw,స,న,2
tesseract/raw,ె,ై,2
tesseract/raw,ల,న,2
tesseract/raw,ా,ట,2
tesseract/raw,ై,ె,2
tesseract/raw,న,ో,2
tesseract/raw,ల,్,2
tesseract/raw,్,త,2
tesseract/raw,ి,ట,2
tesseract/raw,క,త,2
tesseract/raw,ో,ా,2
tesseract/raw,జ,ర,2
tesseract/raw,వ,ద,2
tesseract/raw,ు, ,2
tesseract/raw,ు,ే,2
tesseract/raw,ప,ట,2
tesseract/raw,ఆ,ె,2
tesseract/raw,చ,ా,2
tesseract/raw,చ,ట,2
tesseract/raw,చ,య,2
tesseract/raw,ల,ం,2
tesseract/raw,్,డ,2
tesseract/raw,ే,ై,2
tesseract/raw,ల,ట,2
tesseract/raw,ప,త,2
tesseract/raw,ు,ా,2
tesseract/raw,వ,ో,2
tesseract/raw,ు,త,2
tesseract/raw,త,ల,2
tesseract/raw,ి,ో,2
tesseract/raw,ర,శ,2
tesseract/raw,ీ,మ,2
tesseract/raw,ర,ద,2
tesseract/raw,శ,ళ,2
tesseract/raw,ర,య,2
tesseract/raw,ా,త,2
tesseract/raw,డ,ద,2
tesseract/raw,స,గ,2
tesseract/raw,ో, ,2
tesseract/raw,న,ల,2
tesseract/raw,ై,గ,2
tesseract/raw,భ,ఖ,2
tesseract/raw,వ,మ,2
tesseract/raw,క,ొ,2
tesseract/raw,ం,ర,2
tesseract/raw,డ,త,2
tesseract/raw,బ,ఖ,2
tesseract/raw,ా,ం,2
tesseract/raw,ప,స,2
tesseract/raw,బ,ట,2
tesseract/raw,క,మ,2
tesseract/raw,ి,ు,2
tesseract/raw,ర,గ,2
tesseract/raw,ు,ీ,2
tesseract/raw,ె,ు,2
tesseract/raw,్,ి,2
tesseract/raw,డ,థ,2
tesseract/raw,వ,ప,2
tesseract/raw,ు,ఖ,2
tesseract/raw,ర,థ,2
tesseract/raw,ం,ి,2
tesseract/raw,్,య,2
tesseract/raw,ు,ి,2
tesseract/raw,ీ,‌,2
tesseract/raw,డ,ీ,2
tesseract/raw,త,య,2
tesseract/raw,ం,ట,2
tesseract/raw,వ,ర,2
tesseract/raw,్,వ,2
tesseract/raw,ు,ల,2
tesseract/raw,ి,ల,2
tesseract/raw,చ,ు,2
tesseract/raw,్,న,2
tesseract/raw,ం,ల,2
tesseract/raw,ల, ,2
tesseract/raw,ె,క,2
tesseract/raw,వ,న,2
tesseract/raw,ు,న,2
tesseract/raw,చ,జ,2
tesseract/raw,ే,ర,2
tesseract/raw,మ,క,2
tesseract/raw,ర,త,2
tesseract/raw,ప,్,2
tesseract/raw,ి,క,2
tesseract/raw,ి,శ,2
tesseract/raw,క,డ,2
tesseract/raw,్,ర,2
tesseract/raw,ట,ు,2
tesseract/raw,ద,య,2
tesseract/raw,జ,మ,2
tesseract/raw,ే,ు,2
tesseract/processed,త,ట,2
tesseract/processed,ల,ే,2
tesseract/processed,థ,ు,2
tesseract/processed,ం,న,2
tesseract/processed,ే,ల,2
tesseract/processed,ీ,బ,2
tesseract/processed,ు,ఖ,2
tesseract/processed,ం,స,2
tesseract/processed,క,డ,2
tesseract/processed,క,వ,2
tesseract/processed,ి,శ,2
tesseract/processed,ప,ే,2
tesseract/processed,త,ా,2
tesseract/processed,ద,బ,2
tesseract/processed,త,ద,2
tesseract/processed,ప,థ,2
tesseract/processed,ల,౦,2
tesseract/processed,స,వ,2
tesseract/processed,ఇ,బ,2
tesseract/processed,ా,ల,2
tesseract/processed,ే,ౌ,2
tesseract/processed,ణ, ,2
tesseract/processed,ర,క,2
tesseract/processed,చ,స,2
tesseract/processed,చ,ో,2
tesseract/processed,బ,ర,2
tesseract/processed,డ,ల,2
tesseract/processed,ె,ప,2
tesseract/processed,వ,ు,2
tesseract/processed,ణ,ప,2
tesseract/processed,బ,్,2
tesseract/processed,ు,౮,2
tesseract/processed,ి,ె,2
tesseract/processed,ల,య,2
tesseract/processed,జ,అ,2
tesseract/processed,ో,గ,2
tesseract/processed,ి,ొ,2
tesseract/processed,ట,ి,2
tesseract/processed,మ,ష,2
tesseract/processed,చ,ం,2
tesseract/processed,ఆ,ె,2
tesseract/processed,ో,త,2
tesseract/processed,అ,ల,2
tesseract/processed,చ,ద,2
tesseract/processed,్,చ,2
tesseract/processed,ర,ె,2
tesseract/processed,శ,ా,2
tesseract/processed,ో,స,2
tesseract/processed,మ,ట,2
tesseract/processed,ఉ,ే,2
tesseract/processed,ే,ొ,2
tesseract/processed,గ,ర,2
tesseract/processed,త,ై,2
tesseract/processed,ల,శ,2
tesseract/processed,ట,వ,2
tesseract/processed,స,ే,2
tesseract/processed,వ,ే,2
tesseract/processed,ు,త,2
tesseract/processed,ై,మ,2
tesseract/processed,చ,ఇ,2
tesseract/processed,ర,ళ,2
tesseract/processed,శ,జ,2
tesseract/processed,్,ౌ,2
tesseract/processed,ర,ో,2
tesseract/processed,వ,ప,2
tesseract/processed,త,ీ,2
tesseract/processed,ీ,మ,2
tesseract/processed,ై, ,2
tesseract/processed,య,ై,2
tesseract/processed,ణ,ం,2
tesseract/processed,వ,ఏ,2
tesseract/processed,ప,జ,2
tesseract/processed,ల,న,2
tesseract/processed,్,ద,2
tesseract/processed,ళ, ,2
tesseract/processed,క,ొ,2
tesseract/processed,ద,ల,2
tesseract/processed,స,ు,2
tesseract/processed,ు,ృ,2
tesseract/processed,ా,గ,2
tesseract/processed,ో,్,2
tesseract/processed,న,ణ,2
tesseract/processed,ఈ,ర,2
tesseract/processed,ప,న,2
tesseract/processed,న,ి,2
tesseract/processed,చ,ణ,2
tesseract/processed,త,డ,2
tesseract/processed,ద,భ,2
tesseract/processed,ర,బ,2
tesseract/processed,ల,ీ,2
tesseract/processed,ా,వ,2
tesseract/processed,ప,డ,2
tesseract/processed,న,డ,2
tesseract/processed,బ,ఖ,2
tesseract/processed,ల,గ,2
tesseract/processed,ే,హ,2
tesseract/processed,ప,హ,2
tesseract/processed,ీ,ే,2
tesseract/processed,య,గ,2
tesseract/processed,ర,మ,2
tesseract/processed,క,న,2
tesseract/processed,వ,న,2
tesseract/processed,ి,స,2
tesseract/processed,ీ,త,2
tesseract/processed,ర,ట,2
tesseract/processed,వ,హ,2
tesseract/processed,స,ి,2
tesseract/processed,అ,ర,2
tesseract/processed,త,ి,2
tesseract/processed,స,చ,2
tesseract/processed,ర,స,2
tesseract/processed,ై,ర,2
tesseract/processed,౯,్,2
tesseract/processed,ర,న,2
tesseract/processed,ి,మ,2
tesseract/processed,ష,న,2
tesseract/processed,ు,హ,2
tesseract/processed,వ,ణ,2
tesseract/processed,ట,త,2
tesseract/processed,డ,స,2
tesseract/processed,ా,ం,2
tesseract/processed,భ,ఖ,2
tesseract/processed,ే,ట,2
tesseract/processed,య,శ,2
tesseract/processed,య,న,2
tesseract/processed,ణ,ా,2
tesseract/processed,డ,మ,2
tesseract/processed,ీ,‌,2
tesseract/processed,ట,ు,2
tesseract/processed,య,స,2
tesseract/processed,ో,ు,2
tesseract/processed,ై,ా,2
tesseract/processed,స,బ,2
tesseract/processed,చ,ీ,2
tesseract/processed,య,డ,2
tesseract/processed,ప,ీ,2
tesseract/processed,ే,ష,2
tesseract/processed,న,ట,2
tesseract/processed,ట,చ,2
tesseract/processed,మ,స,2
tesseract/processed,ూ,ా,2
tesseract/processed,వ,ా,2
tesseract/processed,ద,చ,2
tesseract/processed,గ,్,2
tesseract/processed,వ,జ,2
tesseract/processed,స,ర,2
tesseract/processed,ం,ణ,2
tesseract/processed,మ,ప,2
tesseract/processed,య,హ,2
tesseract/processed,ర,ప,2
tesseract/processed,ట,డ,2
tesseract/processed,్,ఆ,2
tesseract/processed,న,ల,2
tesseract/processed,్,ొ,2
tesseract/processed,ం,శ,2
tesseract/processed,క,య,2
tesseract/processed,ూ, ,2
tesseract/processed,భ,ట,2
tesseract/processed,క,ఓ,2
tesseract/processed,ల,ఆ,2
tesseract/processed,ా,‌,2
tesseract/processed,ే,ప,2
tesseract/processed,య,త,2
tesseract/processed,ృ, ,2
tesseract/processed,ు,ూ,2
tesseract/processed,ో,ి,2
tesseract/processed,వ,క,2
tesseract/processed,ి,౨,2
tesseract/processed,ల,ు,2
tesseract/processed,శ,క,2
tesseract/processed,్,ృ,2
tesseract/processed,ట,ా,2
tesseract/processed,ో,ట,2
tesseract/processed,ి,ఎ,2
tesseract/processed,డ,య,2
tesseract/processed,ద,ి,2
tesseract/processed,న,శ,2
tesseract/processed,ా,ే,2
tesseract/processed,వ,ఎ,2
tesseract/processed,చ,ు,2
tesseract/processed,వ,౨,2
tesseract/processed,ర,ం,2
tesseract/processed,స,త,2
tesseract/processed,ీ,ు,2
tesseract/processed,ద,ు,2
tesseract/processed,గ,‌,2
tesseract/processed,డ,త,2
tesseract/processed,ే,ం,2
surya/raw,ట,ా,1
surya/raw,్,హ,1
surya/raw,ట,ు,1
surya/raw,్,ూ,1
surya/raw,భ,ం,1
surya/raw,్,ో,1
surya/raw,ే,మ,1
surya/raw,క,గ,1
surya/raw,థ,ే,1
surya/raw,ధ,మ,1
surya/raw,ే,ౌ,1
surya/raw,వ,ద,1
surya/raw,ే,‌,1
surya/raw,మ,స,1
surya/raw,ల,న,1
surya/raw,ే,త,1
surya/raw,బ,ే,1
surya/raw,ద,ు,1
surya/raw,జ,ీ,1
surya/raw,థ,ర,1
surya/raw,స,య,1
surya/raw,ద,హ,1
surya/raw,క,హ,1
surya/raw,చ,స,1
surya/raw,బ,భ,1
surya/raw,ల,య,1
surya/raw,ె,మ,1
surya/raw,మ,క,1
surya/raw,జ,ె,1
surya/raw,న,ల,1
surya/raw,ప,ష,1
surya/raw,ప,య,1
surya/raw,య,బ,1
surya/raw,ఎ,మ,1
surya/raw,స,ే,1
surya/raw,ి,ట,1
surya/raw,డ,వ,1
surya/raw,ఎ,ి,1
surya/raw,ల,శ,1
surya/raw,ి,క,1
surya/raw,జ,త,1
surya/raw,ా,ం,1
surya/raw,ప,ళ,1
surya/raw,క,ు,1
surya/raw,ట,ై,1
surya/raw,ర,న,1
surya/raw,జ,న,1
surya/raw,ర,ూ,1
surya/raw,న,ే,1
surya/raw,ి,మ,1
surya/raw,ం,‌,1
surya/raw,చ,ి,1
surya/raw,్,ే,1
surya/raw,ు,ే,1
surya/raw,గ,డ,1
surya/raw,ల,‍,1
surya/raw,క,‍,1
surya/raw,ద,ట,1
surya/raw,య,స,1
surya/raw,న,య,1
surya/raw,ణ,ర,1
surya/raw,శ,హ,1
surya/raw,ా,ై,1
surya/raw,ట,గ,1
surya/raw,ణ,హ,1
surya/raw,త,డ,1
surya/raw,ే,ొ,1
surya/raw,ే,న,1
surya/raw,్,ౌ,1
surya/raw,త,ద,1
surya/raw,ా,మ,1
surya/raw,ధ,థ,1
surya/raw,మ,‌,1
surya/raw,ై, ,1
surya/raw,న,‌,1
surya/raw,శ,య,1
surya/raw,ల,ం,1
surya/raw,ో,గ,1
surya/raw,ి,ొ,1
surya/raw,ర,ళ,1
surya/raw,మ,ం,1
surya/raw,ద,న,1
surya/raw,ు,బ,1
surya/raw,త,య,1
surya/raw,్,వ,1
surya/raw,త,ై,1
surya/raw,భ,న,1
surya/raw,ై,ీ,1
surya/raw,య,ృ,1
surya/raw,్,గ,1
surya/raw,ణ,ం,1
surya/raw,ు,ె,1
surya/raw,న,క,1
surya/raw,ం,ల,1
surya/raw,ట,ల,1
surya/raw,ూ,ో,1
surya/raw,ఉ,ర,1
surya/raw,శ,ళ,1
surya/raw,ా,ల,1
surya/raw,ే,ర,1
surya/raw,మ,ా,1
surya/raw,చ,త,1
surya/raw,జ,్,1
surya/raw,ర, ,1
surya/raw,ా,స,1
surya/raw,మ,ౌ,1
surya/raw,ా,క,1
surya/raw,వ,ల,1
surya/raw,ర,‍,1
surya/raw,శ,ష,1
surya/raw,వ,ా,1
surya/raw,ర,థ,1
surya/raw,ి,వ,1
surya/raw,ై,‍,1
surya/raw,శ,వ,1
surya/raw,ా,‍,1
surya/raw,ై,ే,1
surya/raw,ఓ, ,1
surya/raw,జ,ు,1
surya/raw,స,ల,1
surya/raw,ద, ,1
surya/raw,ీ,ద,1
surya/raw,ల,ణ,1
surya/raw,ై,ా,1
surya/raw,ఆ,ొ,1
surya/raw,ల,త,1
surya/raw,ప,ీ,1
surya/raw,డ,ష,1
surya/raw,డ,ట,1
surya/raw,ి,ై,1
surya/raw,ి,ఉ,1
surya/raw,హ,ప,1
surya/raw,ృ,్,1
surya/raw,య,భ,1
surya/raw,ప,ల,1
surya/raw,ీ,ొ,1
surya/raw,య,ల,1
surya/raw,స,శ,1
surya/raw,త,ర,1
surya/raw,న,వ,1
surya/raw,ళ,ష,1
surya/raw,ి,జ,1
surya/raw,గ,ఞ,1
surya/raw,ఇ,బ,1
surya/raw,త,్,1
surya/raw,త,శ,1
surya/raw,త,ష,1
surya/raw,ర,ం,1
surya/raw,ం,బ,1
surya/raw,ర,గ,1
surya/raw,ఫ,హ,1
surya/raw,స,హ,1
surya/raw,్,ఆ,1
surya/raw,మ,ర,1
surya/raw,ర,మ,1
surya/raw,ళ,త,1
surya/raw,క,ల,1
surya/raw,ం,౦,1
surya/raw,్,మ,1
surya/raw,ై,ష,1
surya/raw,ే,చ,1
surya/raw,త,ె,1
surya/raw,చ,ఫ,1
surya/raw,ర,క,1
surya/raw,ల,‌,1
surya/raw,జ, ,1
surya/raw,ట,ణ,1
surya/raw,ి,ఘ,1
surya/raw,ర,హ,1
surya/raw,త,మ,1
surya/raw,ల,ి,1
surya/raw,ర,ె,1
surya/raw,చ,వ,1
surya/raw,ు,ఘ,1
surya/raw,ీ,ౌ,1
surya/raw,జ,ి,1
surya/raw,జ,భ,1
surya/raw,ర,ప,1
surya/raw,చ,ల,1
surya/raw,త,చ,1
surya/raw,ా,న,1
surya/raw,న,ద,1
surya/raw,ు,ౌ,1
surya/raw,గ,మ,1
surya/raw,ణ,స,1
surya/raw,గ,ద,1
surya/raw,డ,ు,1
surya/raw,న,్,1
surya/raw,య,హ,1
surya/raw,క,వ,1
surya/raw,ల,ొ,1
surya/raw,వ,డ,1
surya/raw,ధ, ,1
surya/raw,్,చ,1
surya/raw,భ, ,1
surya/raw,త,ో,1
surya/raw,య,ీ,1
surya/raw,గ,ర,1
surya/raw,ధ,ద,1
surya/raw,ణ,ల,1
surya/raw,మ,శ,1
surya/raw,ఖ,వ,1
surya/raw,ి,ఎ,1
surya/raw,డ,జ,1
surya/raw,్,భ,1
surya/raw,ట, ,1
surya/raw,ో,ొ,1
surya/raw,ె,ు,1
surya/raw,య,ా,1
surya/raw,ద,ణ,1
surya/raw,మ,డ,1
surya/raw,్,ఘ,1
surya/raw,త,ప,1
surya/raw,న,ు,1
surya/raw,ఘ,య,1
surya/raw,చ,ప,1
surya/raw,ా,ర,1
surya/raw,త,వ,1
surya/raw,స,ీ,1
surya/raw,ష,జ,1
surya/raw,ద,ా,1
surya/raw,ట,ద,1
surya/raw,జ,శ,1
surya/raw,ె,ా,1
surya/raw,ర,్,1
surya/raw,ు,ణ,1
surya/raw,ృ, ,1
surya/raw,ే,ం,1
surya/raw,ట,ి,1
surya/raw,డ,త,1
surya/raw,భ,ట,1
surya/raw,జ,ం,1
surya/raw,ూ,ర,1
surya/raw,ో,ి,1
surya/raw,వ,ం,1
surya/raw,డ,గ,1
surya/raw,చ,జ,1
surya/raw,భ,హ,1
surya/raw,ా,ె,1
surya/raw,ు,డ,1
surya/raw,డ, ,1
surya/raw,ద,ి,1
surya/raw,జ,ప,1
surya/raw,భ,మ,1
surya/raw,ై,ర,1
surya/raw,ద,ల,1
surya/raw,ప,ా,1
surya/raw,ర,ధ,1
surya/raw,మ,థ,1
surya/raw,ే,ీ,1
surya/raw,ూ,‌,1
surya/raw,శ,త,1
surya/raw,ష,బ,1
surya/raw,ి,‌,1
surya/raw,ూ,ు,1
surya/raw,త,క,1
surya/raw,మ,త,1
surya/raw,ె, ,1
surya/raw,డ,క,1
surya/raw,ీ,ు,1
surya/raw,స,గ,1
surya/raw,ు,స,1
surya/raw,న,ౌ,1
surya/raw,బ,మ,1
surya/raw,బ,ప,1
surya/raw,గ,ధ,1
surya/raw,య,ు,1
surya/raw,ై,ఉ,1
surya/raw,బ,ద,1
surya/raw,ర,ే,1
surya/raw,్,శ,1
surya/processed,ట,గ,1
surya/processed,భ,ం,1
surya/processed,థ,ధ,1
surya/processed,ధ,మ,1
surya/processed,హ,ణ,1
surya/processed,ే,ు,1
surya/processed,ే,గ,1
surya/processed,ద,య,1
surya/processed,ో,ూ,1
surya/processed,ం,ర,1
surya/processed,గ,్,1
surya/processed,స,వ,1
surya/processed,ధ,జ,1
surya/processed,ల,స,1
surya/processed,స,థ,1
surya/processed,జ,స,1
surya/processed,గ, ,1
surya/processed,ర,ళ,1
surya/processed,్,ళ,1
surya/processed,త,ు,1
surya/processed,శ,ీ,1
surya/processed,బ,ష,1
surya/processed,జ,ో,1
surya/processed,థ,భ,1
surya/processed,స,హ,1
surya/processed,ఇ,ు,1
surya/processed,ష,ట,1
surya/processed,ె,ో,1
surya/processed,శ,గ,1
surya/processed,ర,స,1
surya/processed,ొ,గ,1
surya/processed,ూ,‍,1
surya/processed,ొ,య,1
surya/processed,జ,డ,1
surya/processed,ణ,ట,1
surya/processed,ర,ఖ,1
surya/processed,ి,త,1
surya/processed,ో,ప,1
surya/processed,ౌ,ర,1
surya/processed,న,ళ,1
surya/processed,న,ై,1
surya/processed,య,బ,1
surya/processed,శ,న,1
surya/processed,క,ే,1
surya/processed,ి,ష,1
surya/processed,జ,య,1
surya/processed,ల,ళ,1
surya/processed,ట,ి,1
surya/processed,ే,య,1
surya/processed,శ,ా,1
surya/processed,న,భ,1
surya/processed,ట,ై,1
surya/processed,ల,ృ,1
surya/processed,ో,ణ,1
surya/processed,న,్,1
surya/processed,క,మ,1
surya/processed,ై,స,1
surya/processed,ై,ష,1
surya/processed,ఉ,్,1
surya/processed,ం,త,1
surya/processed,ట,ప,1
surya/processed,ట,క,1
surya/processed,చ,ద,1
surya/processed,య,స,1
surya/processed,ధ,ర,1
surya/processed,య,ఛ,1
surya/processed,ఉ,ద,1
surya/processed,శ,హ,1
surya/processed,ట,థ,1
surya/processed,ల,హ,1
surya/processed,ు,వ,1
surya/processed,వ,ి,1
surya/processed,ే,న,1
surya/processed,శ,ం,1
surya/processed,శ,య,1
surya/processed,ల,గ,1
surya/processed,మ,డ,1
surya/processed,ు,ఛ,1
surya/processed,ద,ణ,1
surya/processed,మ,న,1
surya/processed,భ,న,1
surya/processed,ై,ీ,1
surya/processed,య,ృ,1
surya/processed,ు,బ,1
surya/processed,స,్,1
surya/processed,ణ,ౌ,1
surya/processed,ీ,ం,1
surya/processed,ి,గ,1
surya/processed,క,్,1
surya/processed,ఉ,ప,1
surya/processed,మ,ప,1
surya/processed,ు,ట,1
surya/processed,శ,ష,1
surya/processed,ద,ష,1
surya/processed,బ,్,1
surya/processed,్,వ,1
surya/processed,శ,క,1
surya/processed,ఇ,ర,1
surya/processed,ఈ,ి,1
surya/processed,య,ధ,1
surya/processed,ు,ఘ,1
surya/processed,ీ,ద,1
surya/processed,చ,డ,1
surya/processed,ె,ల,1
surya/processed,హ,ప,1
surya/processed,ృ,ు,1
surya/processed,ై,ు,1
surya/processed,ట,ల,1
surya/processed,ి,ఉ,1
surya/processed,్,య,1
surya/processed,స, ,1
surya/processed,ళ,ట,1
surya/processed,గ,ఞ,1
surya/processed,త,ష,1
surya/processed,ు,ప,1
surya/processed,ీ,న,1
surya/processed,ా,డ,1
surya/processed,ట,ా,1
surya/processed,డ,ె,1
surya/processed,న,ె,1
surya/processed,మ,గ,1
surya/processed,జ,చ,1
surya/processed,ల,‌,1
surya/processed,ర,చ,1
surya/processed,ద,త,1
surya/processed,ర,ప,1
surya/processed,శ,చ,1
surya/processed,న,చ,1
surya/processed,శ,ూ,1
surya/processed,ూ,వ,1
surya/processed,ా,౮,1
surya/processed,ు,ఝ,1
surya/processed,ీ,ౌ,1
surya/processed,ి,స,1
surya/processed,జ,శ,1
surya/processed,చ,ీ,1
surya/processed,ర,ణ,1
surya/processed,ా,‌,1
surya/processed,ు,స,1
surya/processed,గ,ం,1
surya/processed,ు,ద,1
surya/processed,క,ట,1
surya/processed,ధ, ,1
surya/processed,్,ొ,1
surya/processed,ఫ,ప,1
surya/processed,్,ష,1
surya/processed,ప,ళ,1
surya/processed,గ,స,1
surya/processed,మ,శ,1
surya/processed,ఖ,వ,1
surya/processed,ు,థ,1
surya/processed,ో,ొ,1
surya/processed,ప,ై,1
surya/processed,ొ, ,1
surya/processed,త,ీ,1
surya/processed,గ,ప,1
surya/processed,భ,ూ,1
surya/processed,ా,ల,1
surya/processed,ప,య,1
surya/processed,ర,వ,1
surya/processed,ధ,్,1
surya/processed,మ,ష,1
surya/processed,ళ,ా,1
surya/processed,ళ,్,1
surya/processed,డ,క,1
surya/processed,స,ల,1
surya/processed,ి,ప,1
surya/processed,్,భ,1
surya/processed,జ,ు,1
surya/processed,ె,త,1
surya/processed,ు,ణ,1
surya/processed,ె,ా,1
surya/processed,క,ా,1
surya/processed,ృ,ం,1
surya/processed,ే,వ,1
surya/processed,ట,ృ,1
surya/processed,డ,ధ,1
surya/processed,భ,గ,1
surya/processed,జ,ల,1
surya/processed,ప,హ,1
surya/processed,ర,హ,1
surya/processed,స,ె,1
surya/processed,ై,ం,1
surya/processed,చ,జ,1
surya/processed,్,చ,1
surya/processed,ొ,ౌ,1
surya/processed,ద,బ,1
surya/processed,భ,మ,1
surya/processed,ై,ర,1
surya/processed,మ,థ,1
surya/processed,ో,ర,1
surya/processed,ద,ధ,1
surya/processed,ూ,ం,1
surya/processed,మ,ట,1
surya/processed,న,ృ,1
surya/processed,బ,మ,1
surya/processed,వ,జ,1
surya/processed,ల,ష,1
surya/processed,బ,గ,1
surya/processed,య,ఉ,1
surya/processed,త,బ,1
surya/processed,ళ,స,1
surya/processed,వ,ష,1
surya/processed,వ,ూ,1
surya/processed,య,డ,1
surya/processed,ద,ా,1
surya/processed,ర,మ,1
surya/processed,డ,జ,1
surya/processed,ఖ,ి,1
surya/processed,స,త,1
surya/processed,ు,హ,1
surya/processed,ష,చ,1
surya/processed,ట,జ,1
surya/processed,ర,ం,1
surya/processed,ా,శ,1
surya/processed,ణ,ే,1
surya/processed,స,ూ,1
surya/processed,ే,ద,1
surya/processed,ం,ే,1
surya/processed,వ,‍,1
surya/processed,ఐ,వ,1
surya/processed,ఐ,ి,1
surya/processed,ష,డ,1
surya/processed,ళ,ి,1
surya/processed,ల,ు,1
surya/processed,స,క,1
surya/processed,ూ,ొ,1
surya/processed,ళ,న,1
surya/processed,బ,ర,1
surya/processed,భ,ర,1
surya/processed,క,స,1
surya/processed,ా,స,1
surya/processed,ల,ై,1
surya/processed,ఊ, ,1
surya/processed,గ,వ,1
surya/processed,ప,ష,1
surya/processed,అ,ప,1
surya/processed,ు,చ,1
surya/processed,ౌ,ా,1
surya/processed,శ,ఫ,1
surya/processed,మ,ల,1
surya/processed,ృ,ో,1
surya/processed,ీ,్,1
surya/processed,్,న,1
surya/processed,థ,ి,1
surya/processed,డ,ై,1
surya/processed,ట,న,1
surya/processed,ి,ూ,1
surya/processed,ప,ా,1
surya/processed,ే,మ,1
surya/processed,ద,చ,1
surya/processed,డ,న,1
surya/processed,జ,భ,1
surya/processed,ర,ఠ,1
surya/processed,క,ద,1
surya/processed,న,శ,1
surya/processed,గ,క,1
surya/processed,జ, ,1
surya/processed,త,‍,1
surya/processed,ట,ూ,1
surya/processed,హ,ె,1
surya/processed,ృ, ,1
surya/processed,ఢ, ,1
surya/processed,థ,ే,1
surya/processed,క,గ,1
surya/processed,ఇ,ి,1
surya/processed,ి,ఒ,1
surya/processed,బ,ఒ,1
surya/processed,ు,ీ,1
surya/processed,వ,క,1
surya/processed,భ,బ,1
surya/processed,ణ,ల,1
surya/processed,ం,బ,1
surya/processed,చ,త,1
surya/processed,గ,శ,1
surya/processed,ొ,్,1
surya/processed,ఆ, ,1
surya/processed,ె, ,1
surya/processed,భ,ళ,1
surya/processed,ష,ళ,1
surya/processed,ణ,ి,1
surya/processed,ః,ం,1
surya/processed,్,ే,1
surya/processed,హ,ర,1
surya/processed,అ,్,1
surya/processed,భ,వ,1
surya/processed,ర,బ,1
surya/processed,ం,ధ,1
surya/processed,శ,ప,1
surya/processed,అ,క,1
surya/processed,వ,ా,1
surya/processed,జ,హ,1
surya/processed,ద,హ,1
surya/processed,ో,త,1
surya/processed,ీ,య,1
surya/processed,గ,ే,1
surya/processed,ీ,ల,1
surya/processed,ా,ణ,1
surya/processed,ూ,మ,1
surya/processed,క,౬,1
surya/processed,ి,౬,1
surya/processed,ై,వ,1
surya/processed,మ,ీ,1
surya/processed,్,స,1
surya/processed,త,ౌ,1
surya/processed,ె,ొ,1
surya/processed,ప,ణ,1
surya/processed,న,డ,1
surya/processed,డ,ు,1
surya/processed,క,య,1
surya/processed,చ,ే,1
surya/processed,ఒ,బ,1
surya/processed,డ,వ,1
surya/processed,ి,మ,1
surya/processed,ం,శ,1
surya/processed,శ,్,1
surya/processed,భ,క,1
surya/processed,ఏ,ే,1
surya/processed,స,ే,1
surya/processed,న,ే,1
surya/processed,జ,ం,1
surya/processed,ి,ె,1
surya/processed,య,గ,1
surya/processed,గ,చ,1
surya/processed,ఊ,ో,1
surya/processed,క,౮,1
surya/processed,వ,ం,1
surya/processed,ి,ౌ,1
surya/processed,ప,బ,1
surya/processed,ద,గ,1
surya/processed,ష,ల,1
surya/processed,చ,ర,1
surya/processed,ద,క,1
surya/processed,ధ,ష,1
surya/processed,చ,ప,1
surya/processed,ం,ఠ,1
surya/processed,్,శ,1
surya/processed,మ,్,1
surya/processed,వ,థ,1
surya/processed,గ,ి,1
surya/processed,ల,య,1
surya/processed,జ,ె,1
surya/processed,ల,ం,1
surya/processed,న,ట,1
surya/processed,ా,గ,1
surya/processed,అ,ల,1
surya/processed,త,ధ,1
surya/processed,శ,వ,1
surya/processed,ఖ,ా,1
surya/processed,హ,ం,1
surya/processed,య,ఆ,1
surya/processed,త,ఫ,1
tesseract/raw,చ,వ,1
tesseract/raw,ల,ే,1
tesseract/raw,న,ం,1
tesseract/raw,చ,న,1
tesseract/raw,త,వ,1
tesseract/raw,్,ె,1
tesseract/raw,ఆ,ీ,1
tesseract/raw,ఊ,ీ,1
tesseract/raw,హ,ట,1
tesseract/raw,ి,ౌ,1
tesseract/raw,న,ర,1
tesseract/raw,జ,్,1
tesseract/raw,గ,ో,1
tesseract/raw,్,గ,1
tesseract/raw,జ,ల,1
tesseract/raw,ప,ే,1
tesseract/raw,థ,ర,1
tesseract/raw,ా,‌,1
tesseract/raw,ల,క,1
tesseract/raw,ు,్,1
tesseract/raw,ర,జ,1
tesseract/raw,ఉ,ే,1
tesseract/raw,న,మ,1
tesseract/raw,బ,ౌ,1
tesseract/raw,య,ా,1
tesseract/raw,ణ,థ,1
tesseract/raw,ర, ,1
tesseract/raw,థ,ో,1
tesseract/raw,ణ,ై,1
tesseract/raw,శ,ే,1
tesseract/raw,త,‌,1
tesseract/raw,చ,్,1
tesseract/raw,ి,బ,1
tesseract/raw,ద,చ,1
tesseract/raw,ట,ి,1
tesseract/raw,క,హ,1
tesseract/raw,ి,ై,1
tesseract/raw,చ,బ,1
tesseract/raw,ర,ఎ,1
tesseract/raw,ర,ె,1
tesseract/raw,ధ,థ,1
tesseract/raw,ద,వ,1
tesseract/raw,మ,వ,1
tesseract/raw,వ,ఘ,1
tesseract/raw,ఉ,ఊ,1
tesseract/raw,య,త,1
tesseract/raw,ం,ా,1
tesseract/raw,అ,ట,1
tesseract/raw,ద,ో,1
tesseract/raw,గ,్,1
tesseract/raw,ణ,త,1
tesseract/raw,చ,త,1
tesseract/raw,త,ో,1
tesseract/raw,ు,ో,1
tesseract/raw,ప,బ,1
tesseract/raw,ే,థ,1
tesseract/raw,ధ,ఠ,1
tesseract/raw,ద,ే,1
tesseract/raw,క,శ,1
tesseract/raw,ప,ఘ,1
tesseract/raw,ఉ,ి,1
tesseract/raw,భ,ణ,1
tesseract/raw,ే,ీ,1
tesseract/raw,ణ,శ,1
tesseract/raw,అ,ల,1
tesseract/raw,ప,ర,1
tesseract/raw,త,ర,1
tesseract/raw,ర,హ,1
tesseract/raw,ే,ౌ,1
tesseract/raw,వ,ూ,1
tesseract/raw,బ,ు,1
tesseract/raw,ఆ,ి,1
tesseract/raw,శ,స,1
tesseract/raw,వ,ే,1
tesseract/raw,న,ా,1
tesseract/raw,ట,క,1
tesseract/raw,ె,ద,1
tesseract/raw,ద,ీ,1
tesseract/raw,స,త,1
tesseract/raw,ద, ,1
tesseract/raw,ీ,బ,1
tesseract/raw,్,క,1
tesseract/raw,ష,ే,1
tesseract/raw,చ, ,1
tesseract/raw,ై,ద,1
tesseract/raw,జ,ే,1
tesseract/raw,శ,వ,1
tesseract/raw,ద,బ,1
tesseract/raw,్,ీ,1
tesseract/raw,త,ీ,1
tesseract/raw,స,చ,1
tesseract/raw,ం, ,1
tesseract/raw,హ,్,1
tesseract/raw,ృ,ర,1
tesseract/raw,ా,ఎ,1
tesseract/raw,ప,డ,1
tesseract/raw,ర,వ,1
tesseract/raw,ష,డ,1
tesseract/raw,ధ,౦,1
tesseract/raw,ల,ధ,1
tesseract/raw,య,గ,1
tesseract/raw,ల,ఖ,1
tesseract/raw,స,ల,1
tesseract/raw,త,బ,1
tesseract/raw,త,ొ,1
tesseract/raw,ర,న,1
tesseract/raw,చ,మ,1
tesseract/raw,డ,గ,1
tesseract/raw,ట,వ,1
tesseract/raw,మ,డ,1
tesseract/raw,అ,త,1
tesseract/raw,వ, ,1
tesseract/raw,త, ,1
tesseract/raw,క,ీ,1
tesseract/raw,త,ు,1
tesseract/raw,న,ీ,1
tesseract/raw,ీ,ొ,1
tesseract/raw,ళ,త,1
tesseract/raw,ర,స,1
tesseract/raw,ప,క,1
tesseract/raw,క,ఫ,1
tesseract/raw,ా,ు,1
tesseract/raw,ద,ల,1
tesseract/raw,ఇ,ృ,1
tesseract/raw,ొ,ో,1
tesseract/raw,భ,ట,1
tesseract/raw,క,ఠ,1
tesseract/raw,వ,ీ,1
tesseract/raw,ం,హ,1
tesseract/raw,బ,ో,1
tesseract/raw,డ,్,1
tesseract/raw,ర,్,1
tesseract/raw,ట,ే,1
tesseract/raw,ల,ి,1
tesseract/raw,ం,ఇ,1
tesseract/raw,బ,భ,1
tesseract/raw,ి,మ,1
tesseract/raw,జ,వ,1
tesseract/raw,ధ, ,1
tesseract/raw,మ,గ,1
tesseract/raw,భ,్,1
tesseract/raw,ి,గ,1
tesseract/raw,క,ప,1
tesseract/raw,వ,ట,1
tesseract/raw,క,వ,1
tesseract/raw,్,ల,1
tesseract/raw,త,థ,1
tesseract/raw,ం,౦,1
tesseract/raw,య,న,1
tesseract/raw,ో,్,1
tesseract/raw,న,య,1
tesseract/raw,ు,ూ,1
tesseract/raw,డ,వ,1
tesseract/raw,్,ణ,1
tesseract/raw,ీ, ,1
tesseract/raw,డ,ే,1
tesseract/raw,ర,ఆ,1
tesseract/raw,జ,గ,1
tesseract/raw,ె,ర,1
tesseract/raw,న,ు,1
tesseract/raw,ి,అ,1
tesseract/raw,ఒ,బ,1
tesseract/raw,బ,న,1
tesseract/raw,ొ,జ,1
tesseract/raw,ే,భ,1
tesseract/raw,ప,ో,1
tesseract/raw,్,ట,1
tesseract/raw,ప, ,1
tesseract/raw,ర,మ,1
tesseract/raw,ా,ై,1
tesseract/raw,త,క,1
tesseract/raw,ల,ు,1
tesseract/raw,ఏ,ై,1
tesseract/raw,ొ,ల,1
tesseract/raw,త,ూ,1
tesseract/raw,ై,స,1
tesseract/raw,ల,భ,1
tesseract/raw,య,ర,1
tesseract/raw,ఆ,ల,1
tesseract/raw,ర,ొ,1
tesseract/raw,ా,డ,1
tesseract/raw,య,ి,1
tesseract/raw,మ,న,1
tesseract/raw,డ,ట,1
tesseract/raw,ొ,ా,1
tesseract/raw,ఐ,మ,1
tesseract/raw,ట,్,1
tesseract/raw,ీ,డ,1
tesseract/raw,ష,్,1
tesseract/raw,ట,ల,1
tesseract/raw,ే,ొ,1
tesseract/raw,ప,గ,1
tesseract/raw,ో,ి,1
tesseract/raw,డ,ు,1
tesseract/raw,శ,చ,1
tesseract/raw,య,ీ,1
tesseract/raw,మ,హ,1
tesseract/raw,జ,ట,1
tesseract/raw,బ,మ,1
tesseract/raw,్,బ,1
tesseract/raw,ు,ప,1
tesseract/raw,జ,త,1
tesseract/raw,న,ణ,1
tesseract/raw,ప,ఫ,1
tesseract/raw,స,్,1
tesseract/raw,థ,ే,1
tesseract/raw,ఇ,భ,1
tesseract/raw,ధ,క,1
tesseract/raw,న,ఖ,1
tesseract/raw,ప,హ,1
tesseract/raw,ూ,ో,1
tesseract/raw,ణ,ు,1
tesseract/raw,ఒ,మ,1
tesseract/raw,క,ట,1
tesseract/raw,న,ద,1
tesseract/raw,ై,‌,1
tesseract/raw,జ,౭,1
tesseract/raw,ప,న,1
tesseract/raw,ృ,గ,1
tesseract/raw,త,్,1
tesseract/raw,య,ే,1
tesseract/raw,స,ా,1
tesseract/raw,మ,ు,1
tesseract/raw,వ,స,1
tesseract/raw,ట,ీ,1
tesseract/raw,ు,క,1
tesseract/raw,ళ,ు,1
tesseract/raw,ఇ,గ,1
tesseract/raw,ళ,డ,1
tesseract/raw,బ,జ,1
tesseract/raw,ే,త,1
tesseract/raw,ద,ర,1
tesseract/raw,ద,న,1
tesseract/raw,ే,ా,1
tesseract/raw,చ,ణ,1
tesseract/raw,ి,ా,1
tesseract/raw,ణ,ల,1
tesseract/raw,ప,జ,1
tesseract/raw,డ,ం,1
tesseract/raw,ప,య,1
tesseract/raw,ే,ల,1
tesseract/raw,ఆ,ట,1
tesseract/raw,హ,వ,1
tesseract/raw,ో,ొ,1
tesseract/raw,భ,గ,1
tesseract/raw,ప,మ,1
tesseract/raw,ై,ా,1
tesseract/raw,ి,ఎ,1
tesseract/raw,ా,య,1
tesseract/raw,క,్,1
tesseract/raw,న,త,1
tesseract/raw,క,గ,1
tesseract/raw,వ,ం,1
tesseract/raw,ు,డ,1
tesseract/raw,ప,ూ,1
tesseract/raw,ష,త,1
tesseract/raw,ు,‌,1
tesseract/processed,్,ఉ,1
tesseract/processed,భ,ు,1
tesseract/processed,ొ,గ,1
tesseract/processed,న,ఆ,1
tesseract/processed,ధ,ద,1
tesseract/processed,ఊ,ీ,1
tesseract/processed,హ,ప,1
tesseract/processed,హ, ,1
tesseract/processed,ఇ,న,1
tesseract/processed,వ,ఠ,1
tesseract/processed,ం,ి,1
tesseract/processed,ఉ,ో,1
tesseract/processed,ఖ,ి,1
tesseract/processed,ధ,జ,1
tesseract/processed,థ,ర,1
tesseract/processed,ష,ల,1
tesseract/processed,ల,డ,1
tesseract/processed,ె,బ,1
tesseract/processed,క,హ,1
tesseract/processed,ొ,య,1
tesseract/processed,వ,ౌ,1
tesseract/processed,్,ఫ,1
tesseract/processed,క,ో,1
tesseract/processed,ౌ,ి,1
tesseract/processed,ప,శ,1
tesseract/processed,ం,ు,1
tesseract/processed,ప,ం,1
tesseract/processed,ి,ఠ,1
tesseract/processed,న,౭,1
tesseract/processed,ా,౧,1
tesseract/processed,ణ,ి,1
tesseract/processed,ి,హ,1
tesseract/processed,ృ,బ,1
tesseract/processed,శ,ో,1
tesseract/processed,ో,బ,1
tesseract/processed,ే,ె,1
tesseract/processed,ొ,ి,1
tesseract/processed,ల,ష,1
tesseract/processed,ా,అ,1
tesseract/processed,ు,ష,1
tesseract/processed,బ,గ,1
tesseract/processed,ప,ఉ,1
tesseract/processed,ల,ొ,1
tesseract/processed,ం,ె,1
tesseract/processed,చ,ప,1
tesseract/processed,ీ,ి,1
tesseract/processed,ం,జ,1
tesseract/processed,ర,ఎ,1
tesseract/processed,్,జ,1
tesseract/processed,జ,ర,1
tesseract/processed,ద,స,1
tesseract/processed,అ,ు,1
tesseract/processed,ణ,ు,1
tesseract/processed,ై,ి,1
tesseract/processed,ీ,స,1
tesseract/processed,స,్,1
tesseract/processed,ె,‌,1
tesseract/processed,య,మ,1
tesseract/processed,ీ,ం,1
tesseract/processed,ప,ె,1
tesseract/processed,ొ,ఠ,1
tesseract/processed,ప,ఖ,1
tesseract/processed,ా,థ,1
tesseract/processed,వ,ో,1
tesseract/processed,ు,ఫ,1
tesseract/processed,ఫ,ట,1
tesseract/processed,క,ష,1
tesseract/processed,జ,బ,1
tesseract/processed,ద,వ,1
tesseract/processed,ఉ,ి,1
tesseract/processed,భ,ర,1
tesseract/processed,్,ధ,1
tesseract/processed,ర,థ,1
tesseract/processed,ె,ఫ,1
tesseract/processed,ధ,ల,1
tesseract/processed,ణ,థ,1
tesseract/processed,ీ,డ,1
tesseract/processed,అ,ప,1
tesseract/processed,శ,స,1
tesseract/processed,ి,చ,1
tesseract/processed,ర,౦,1
tesseract/processed,క,ఫ,1
tesseract/processed,శ,య,1
tesseract/processed,ై,శ,1
tesseract/processed,ం,డ,1
tesseract/processed,డ,ె,1
tesseract/processed,గ,ో,1
tesseract/processed,జ,య,1
tesseract/processed,ే,ఖ,1
tesseract/processed,శ,ే,1
tesseract/processed,వ,ూ,1
tesseract/processed,ీ,ఏ,1
tesseract/processed,ై,థ,1
tesseract/processed,్,ళ,1
tesseract/processed,ం,గ,1
tesseract/processed,ొ,ద,1
tesseract/processed,ే,గ,1
tesseract/processed,శ,ృ,1
tesseract/processed,ఫ,ా,1
tesseract/processed,ె,ర,1
tesseract/processed,ష,ప,1
tesseract/processed,వ,ఫ,1
tesseract/processed,న,ో,1
tesseract/processed,ప,ో,1
tesseract/processed,ఓ,ీ,1
tesseract/processed,భ,స,1
tesseract/processed,ీ,ొ,1
tesseract/processed,ో,ే,1
tesseract/processed,స,ో,1
tesseract/processed,్,ణ,1
tesseract/processed,త,స,1
tesseract/processed,ం,ో,1
tesseract/processed,త,ధ,1
tesseract/processed,భ, ,1
tesseract/processed,క,ం,1
tesseract/processed,ప,ొ,1
tesseract/processed,జ,స,1
tesseract/processed,ు,ద,1
tesseract/processed,ె,గ,1
tesseract/processed,ె,త,1
tesseract/processed,ో,ష,1
tesseract/processed,ో,వ,1
tesseract/processed,శ,వ,1
tesseract/processed,ఖ,జ,1
tesseract/processed,ు,స,1
tesseract/processed,ి,ఖ,1
tesseract/processed,స,డ,1
tesseract/processed,ఇ,య,1
tesseract/processed,త,థ,1
tesseract/processed,భ,ఆ,1
tesseract/processed,ల,ఇ,1
tesseract/processed,ర,ధ,1
tesseract/processed,్,ప,1
tesseract/processed,న,ొ,1
tesseract/processed,ీ,న,1
tesseract/processed,డ,న,1
tesseract/processed,ఎ,వ,1
tesseract/processed,ర,ీ,1
tesseract/processed,ు,౦,1
tesseract/processed,ళ,హ,1
tesseract/processed,ద,ధ,1
tesseract/processed,౪,‌,1
tesseract/processed,ట,శ,1
tesseract/processed,ప,ై,1
tesseract/processed,ొ,ౌ,1
tesseract/processed,శ,గ,1
tesseract/processed,ం,ీ,1
tesseract/processed,శ,ళ,1
tesseract/processed,మ,ూ,1
tesseract/processed,ీ,గ,1
tesseract/processed,య,ి,1
tesseract/processed,బ,ట,1
tesseract/processed,వ,ి,1
tesseract/processed,బ,త,1
tesseract/processed,డ,ణ,1
tesseract/processed,ం,ఇ,1
tesseract/processed,ల,ధ,1
tesseract/processed,జ,ప,1
tesseract/processed,థ,ౌ,1
tesseract/processed,భ,ధ,1
tesseract/processed,మ,ధ,1
tesseract/processed,జ,ఫ,1
tesseract/processed,ు,థ,1
tesseract/processed,ఉ,స,1
tesseract/processed,డ,గ,1
tesseract/processed,భ,క,1
tesseract/processed,ష,డ,1
tesseract/processed,వ,థ,1
tesseract/processed,మ,హ,1
tesseract/processed,ల,హ,1
tesseract/processed,ఫ,వ,1
tesseract/processed,న,ూ,1
tesseract/processed,ల,భ,1
tesseract/processed,గ,ి,1
tesseract/processed,ప,ల,1
tesseract/processed,గ,ణ,1
tesseract/processed,థ,్,1
tesseract/processed,య,ా,1
tesseract/processed,ే,మ,1
tesseract/processed,్,వ,1
tesseract/processed,ఖ,శ,1
tesseract/processed,వ,శ,1
tesseract/processed,డ,‌,1
tesseract/processed,్,౧,1
tesseract/processed,య,౦,1
tesseract/processed,చ,క,1
tesseract/processed,ం,ట,1
tesseract/processed,జ,ఆ,1
tesseract/processed,ె,న,1
tesseract/processed,ీ,ె,1
tesseract/processed,ల,ఠ,1
tesseract/processed,త,ు,1
tesseract/processed,వ,ద,1
tesseract/processed,ె,ీ,1
tesseract/processed,ొ,ు,1
tesseract/processed,స,ీ,1
tesseract/processed,ొ,ీ,1
tesseract/processed,ర,చ,1
tesseract/processed,న,ే,1
tesseract/processed,ఘ,త,1
tesseract/processed,ో,ఇ,1
tesseract/processed,ు,ఏ,1
tesseract/processed,క,ీ,1
tesseract/processed,థ, ,1
tesseract/processed,ఎ,బ,1
tesseract/processed,్,మ,1
tesseract/processed,య,ే,1
tesseract/processed,మ,న,1
tesseract/processed,్,ఢ,1
tesseract/processed,ద,్,1
tesseract/processed,ి,౧,1
tesseract/processed,వ,త,1
tesseract/processed,త,భ,1
tesseract/processed,య,ూ,1
tesseract/processed,ై,ో,1
tesseract/processed,హ,య,1
tesseract/processed,ు,గ,1
tesseract/processed,ర,ఢ,1
tesseract/processed,మ,౧,1
tesseract/processed,ొ,ా,1
tesseract/processed,ొ,ప,1
tesseract/processed,అ,త,1
tesseract/processed,హ,ౌ,1
tesseract/processed,ా,బ,1
tesseract/processed,త,శ,1
tesseract/processed,య,ట,1
tesseract/processed,స,ఎ,1
tesseract/processed,మ,గ,1
tesseract/processed,య,్,1
tesseract/processed,ం,‌,1
tesseract/processed,్,ఘ,1
tesseract/processed,త,ూ,1
tesseract/processed,౮,‌,1
tesseract/processed,ం,౨,1
tesseract/processed,ల,క,1
tesseract/processed,ష,ా,1
tesseract/processed,ఠ,న,1
tesseract/processed,ణ,గ,1
tesseract/processed,ి,థ,1
tesseract/processed,ప,ఫ,1
tesseract/processed,ా,ె,1
tesseract/processed,ణ,క,1
tesseract/processed,ు,భ,1
tesseract/processed,ం,ొ,1
tesseract/processed,ి,ఓ,1
tesseract/processed,ి,ళ,1
tesseract/processed,ష,్,1
tesseract/processed,ఔ,ర,1
tesseract/processed,స,ొ,1
tesseract/processed,ళ,క,1
tesseract/processed,ా,ీ,1
tesseract/processed,బ,ూ,1
tesseract/processed,ె,ఆ,1
tesseract/processed,ల,థ,1
tesseract/processed,ప,అ,1
tesseract/processed,ె,ం,1
tesseract/processed,త,క,1
tesseract/processed,గ,వ,1
tesseract/processed,ఇ,ో,1
tesseract/processed,ి,క,1
tesseract/processed,హ,్,1
tesseract/processed,అ,చ,1
tesseract/processed,శ,ప,1
tesseract/processed,ీ,క,1
tesseract/processed,బ,న,1
tesseract/processed,గ,డ,1
tesseract/processed,చ,౬,1
tesseract/processed,ద,ఠ,1
tesseract/processed,ఉ,ె,1
tesseract/processed,్,బ,1
tesseract/processed,ు,బ,1
tesseract/processed,ర,అ,1
tesseract/processed,ో,క,1
tesseract/processed,ద,ా,1
tesseract/processed,ల,వ,1
tesseract/processed,ప,ఓ,1
tesseract/processed,ద,క,1
tesseract/processed,క,శ,1
tesseract/processed,క,ట,1
tesseract/processed,శ,ష,1
tesseract/processed,ో,డ,1
tesseract/processed,స,ె,1
tesseract/processed,ఆ,ఉ,1
tesseract/processed,డ,క,1
tesseract/processed,హ,క,1
tesseract/processed,మ,ొ,1
tesseract/processed,ొ,క,1
tesseract/processed,ే,త,1
tesseract/processed,ప,క,1
tesseract/processed,డ,ప,1
tesseract/processed,ర,ఉ,1
tesseract/processed,ద,జ,1
tesseract/processed,ో,ం,1
tesseract/processed,ఖ,మ,1
tesseract/processed,శ,్,1
tesseract/processed,మ,చ,1
tesseract/processed,జ,ట,1
tesseract/processed,జ,త,1
tesseract/processed,క,ప,1
tesseract/processed,చ,ఒ,1
tesseract/processed,జ,ె,1
tesseract/processed,హ,ు,1
tesseract/processed,ృ,ం,1
tesseract/processed,మ,ా,1
tesseract/processed,జ, ,1
tesseract/processed,ధ,స,1
tesseract/processed,థ,ృ,1
tesseract/processed,ి,౭,1
tesseract/processed,క,ె,1
tesseract/processed,గ,ౌ,1
tesseract/processed,ా,ఆ,1
tesseract/processed,ా,య,1
tesseract/processed,్,క,1
tesseract/processed,బ,మ,1
tesseract/processed,చ,ూ,1
tesseract/processed,హ,త,1
tesseract/processed,ు,వ,1
tesseract/processed,ఇ,ి,1
tesseract/processed,న,బ,1
tesseract/processed,ఉ,ు,1
tesseract/processed,ర,ౌ,1
tesseract/processed,వ,భ,1
tesseract/processed,భ,ో,1
tesseract/processed,ౌ, ,1
tesseract/processed,ణ,ష,1
tesseract/processed,ొ, ,1
tesseract/processed,క,ఠ,1
tesseract/processed,ద,ం,1
tesseract/processed,థ,ధ,1
tesseract/processed,క,౩,1
tesseract/processed,ె, ,1
tesseract/processed,భ,బ,1
tesseract/processed,ళ,ల,1
tesseract/processed,ె,ా,1
tesseract/processed,ణ,త,1
tesseract/processed,ం,క,1
tesseract/processed,ద,ష,1
tesseract/processed,ః,వ,1
tesseract/processed,బ,ి,1
tesseract/processed,ధ,య,1
tesseract/processed,న,థ,1
tesseract/processed,ష,క,1
tesseract/processed,హ,చ,1
tesseract/processed,ఆ,వ,1
tesseract/processed,హ,న,1
tesseract/processed,ల,ట,1
tesseract/processed,ధ,అ,1
tesseract/processed,ో,ద,1
tesseract/processed,మ,జ,1
tesseract/processed,భ,౭,1
tesseract/processed,ూ,ం,1
tesseract/processed,్,అ,1
tesseract/processed,ద,థ,1
tesseract/processed,ద,ఉ,1
tesseract/processed,థ,డ,1
tesseract/processed,ప,త,1
tesseract/processed,త,మ,1
tesseract/processed,జ,ౌ,1
tesseract/processed,౪,౭,1
tesseract/processed,జ,క,1
tesseract/processed,ే,ఆ,1
tesseract/processed,ీ,ఆ,1
tesseract/processed,ధ,ఢ,1
tesseract/processed,ో,ల,1
tesseract/processed,ై,స,1
tesseract/processed,ు,ై,1
tesseract/processed,న,త,1
tesseract/processed,జ,౭,1
tesseract/processed,య,౧,1
tesseract/processed,ి,డ,1
tesseract/processed,డ,చ,1
tesseract/processed,ల,౧,1
tesseract/processed,ద,త,1
tesseract/processed,ల,ె,1
tesseract/processed,మ,ఇ,1
tesseract/processed,ఏ,డ,1
tesseract/processed,ై,ె,1
tesseract/processed,ఫ,స,1
tesseract/processed,బ,ఒ,1
tesseract/processed,ా,భ,1
tesseract/processed,ధ,భ,1
tesseract/processed,చ,౧,1
tesseract/processed,ే,౦,1
tesseract/processed,ప,చ,1
tesseract/processed,ా,శ,1
tesseract/processed,ం,ద,1
tesseract/processed,ం,ా,1
tesseract/processed,్,శ,1
tesseract/processed,ా,ణ,1
tesseract/processed,జ,ు,1
tesseract/processed,జ,‌,1
tesseract/processed,ే,్,1
tesseract/processed,క,ణ,1
tesseract/processed,ధ,న,1
tesseract/processed,గ,ద,1
tesseract/processed,ు,చ,1
tesseract/processed,ఊ,బ,1
tesseract/processed,చ,౭,1
tesseract/processed,ా,ట,1
tesseract/processed,మ,త,1
tesseract/processed,ల,ూ,1
tesseract/processed,స,౧,1
tesseract/processed,్,౦,1
tesseract/processed,ూ,౧,1
tesseract/processed,శ, ,1
tesseract/processed,ె,య,1
tesseract/processed,ల,ౌ,1
tesseract/processed,త,ో,1
tesseract/processed,చ,త,1
tesseract/processed,ే,య,1
tesseract/processed,గ,శ,1
tesseract/processed,ట,‌,1
tesseract/processed,చ,ె,1
tesseract/processed,ద,ై,1
tesseract/processed,డ,ి,1
tesseract/processed,ధ,ణ,1
tesseract/processed,ే,చ,1
tesseract/processed,ు,క,1
tesseract/processed,ె,ల,1
tesseract/processed,ి,౮,1
tesseract/processed,ఖ,ం,1
tesseract/processed,న,భ,1
