width,height,aspect_ratio,mean_intensity,contrast_std,blur_laplacian_variance,foreground_density,page_key,split,writer_id,page_id,word_count,reference_length,conjunct_density,diacritic_density,source_image_paths,surya_cer,surya_wer,surya_missing_output_rate,surya_llm_score,surya_detected_error_rate,surya_failure,tesseract_cer,tesseract_wer,tesseract_missing_output_rate,tesseract_llm_score,tesseract_detected_error_rate,tesseract_failure,shared_failure,likely_explanation
1234.8,293.52,4.213305885968271,213.11551868645617,26.070428771184723,48.429760313428005,0.06702385966851314,test_12_113,test,12,113,25,243,0.05761316872427984,0.3950617283950617,/home/tom/telugu_data/ground_truth/sample_set/test/12/113/1.jpg;/home/tom/telugu_data/ground_truth/sample_set/test/12/113/2.jpg;/home/tom/telugu_data/ground_truth/sample_set/test/12/113/3.jpg;/home/tom/telugu_data/ground_truth/sample_set/test/12/113/4.jpg;/home/tom/telugu_data/ground_truth/sample_set/test/12/113/5.jpg;/home/tom/telugu_data/ground_truth/sample_set/test/12/113/6.jpg;/home/tom/telugu_data/ground_truth/sample_set/test/12/113/7.jpg;/home/tom/telugu_data/ground_truth/sample_set/test/12/113/8.jpg;/home/tom/telugu_data/ground_truth/sample_set/test/12/113/9.jpg;/home/tom/telugu_data/ground_truth/sample_set/test/12/113/10.jpg;/home/tom/telugu_data/ground_truth/sample_set/test/12/113/11.jpg;/home/tom/telugu_data/ground_truth/sample_set/test/12/113/12.jpg;/home/tom/telugu_data/ground_truth/sample_set/test/12/113/13.jpg;/home/tom/telugu_data/ground_truth/sample_set/test/12/113/14.jpg;/home/tom/telugu_data/ground_truth/sample_set/test/12/113/15.jpg;/home/tom/telugu_data/ground_truth/sample_set/test/12/113/16.jpg;/home/tom/telugu_data/ground_truth/sample_set/test/12/113/17.jpg;/home/tom/telugu_data/ground_truth/sample_set/test/12/113/18.jpg;/home/tom/telugu_data/ground_truth/sample_set/test/12/113/19.jpg;/home/tom/telugu_data/ground_truth/sample_set/test/12/113/20.jpg;/home/tom/telugu_data/ground_truth/sample_set/test/12/113/21.jpg;/home/tom/telugu_data/ground_truth/sample_set/test/12/113/22.jpg;/home/tom/telugu_data/ground_truth/sample_set/test/12/113/23.jpg;/home/tom/telugu_data/ground_truth/sample_set/test/12/113/24.jpg;/home/tom/telugu_data/ground_truth/sample_set/test/12/113/25.jpg,0.6625514403292181,0.96,0.48,2.0,0.6923076923076923,False,0.6625514403292181,1.44,0.16,2.0,0.7619047619047619,False,False,
1258.5652173913043,292.17391304347825,4.305964880891307,213.4614517609998,25.427301889183344,50.672351763067,0.06735304531941189,test_12_125,test,12,125,23,244,0.07377049180327869,0.4344262295081967,/home/tom/telugu_data/ground_truth/sample_set/test/12/125/1.jpg;/home/tom/telugu_data/ground_truth/sample_set/test/12/125/2.jpg;/home/tom/telugu_data/ground_truth/sample_set/test/12/125/3.jpg;/home/tom/telugu_data/ground_truth/sample_set/test/12/125/4.jpg;/home/tom/telugu_data/ground_truth/sample_set/test/12/125/5.jpg;/home/tom/telugu_data/ground_truth/sample_set/test/12/125/6.jpg;/home/tom/telugu_data/ground_truth/sample_set/test/12/125/7.jpg;/home/tom/telugu_data/ground_truth/sample_set/test/12/125/8.jpg;/home/tom/telugu_data/ground_truth/sample_set/test/12/125/9.jpg;/home/tom/telugu_data/ground_truth/sample_set/test/12/125/10.jpg;/home/tom/telugu_data/ground_truth/sample_set/test/12/125/11.jpg;/home/tom/telugu_data/ground_truth/sample_set/test/12/125/12.jpg;/home/tom/telugu_data/ground_truth/sample_set/test/12/125/13.jpg;/home/tom/telugu_data/ground_truth/sample_set/test/12/125/14.jpg;/home/tom/telugu_data/ground_truth/sample_set/test/12/125/15.jpg;/home/tom/telugu_data/ground_truth/sample_set/test/12/125/16.jpg;/home/tom/telugu_data/ground_truth/sample_set/test/12/125/17.jpg;/home/tom/telugu_data/ground_truth/sample_set/test/12/125/18.jpg;/home/tom/telugu_data/ground_truth/sample_set/test/12/125/19.jpg;/home/tom/telugu_data/ground_truth/sample_set/test/12/125/20.jpg;/home/tom/telugu_data/ground_truth/sample_set/test/12/125/21.jpg;/home/tom/telugu_data/ground_truth/sample_set/test/12/125/22.jpg;/home/tom/telugu_data/ground_truth/sample_set/test/12/125/23.jpg,0.7254098360655737,1.0869565217391304,0.391304347826087,2.0,0.5,False,0.639344262295082,1.2608695652173914,0.21739130434782608,2.0,0.5555555555555556,False,False,
1202.32,292.2,4.113923779934231,213.93267229156388,25.823123121283388,47.6997267712351,0.06720058685482391,test_12_131,test,12,131,25,234,0.0811965811965812,0.3803418803418803,/home/tom/telugu_data/ground_truth/sample_set/test/12/131/1.jpg;/home/tom/telugu_data/ground_truth/sample_set/test/12/131/2.jpg;/home/tom/telugu_data/ground_truth/sample_set/test/12/131/3.jpg;/home/tom/telugu_data/ground_truth/sample_set/test/12/131/4.jpg;/home/tom/telugu_data/ground_truth/sample_set/test/12/131/5.jpg;/home/tom/telugu_data/ground_truth/sample_set/test/12/131/6.jpg;/home/tom/telugu_data/ground_truth/sample_set/test/12/131/7.jpg;/home/tom/telugu_data/ground_truth/sample_set/test/12/131/8.jpg;/home/tom/telugu_data/ground_truth/sample_set/test/12/131/9.jpg;/home/tom/telugu_data/ground_truth/sample_set/test/12/131/10.jpg;/home/tom/telugu_data/ground_truth/sample_set/test/12/131/11.jpg;/home/tom/telugu_data/ground_truth/sample_set/test/12/131/12.jpg;/home/tom/telugu_data/ground_truth/sample_set/test/12/131/13.jpg;/home/tom/telugu_data/ground_truth/sample_set/test/12/131/14.jpg;/home/tom/telugu_data/ground_truth/sample_set/test/12/131/15.jpg;/home/tom/telugu_data/ground_truth/sample_set/test/12/131/16.jpg;/home/tom/telugu_data/ground_truth/sample_set/test/12/131/17.jpg;/home/tom/telugu_data/ground_truth/sample_set/test/12/131/18.jpg;/home/tom/telugu_data/ground_truth/sample_set/test/12/131/19.jpg;/home/tom/telugu_data/ground_truth/sample_set/test/12/131/20.jpg;/home/tom/telugu_data/ground_truth/sample_set/test/12/131/21.jpg;/home/tom/telugu_data/ground_truth/sample_set/test/12/131/22.jpg;/home/tom/telugu_data/ground_truth/sample_set/test/12/131/23.jpg;/home/tom/telugu_data/ground_truth/sample_set/test/12/131/24.jpg;/home/tom/telugu_data/ground_truth/sample_set/test/12/131/25.jpg,0.7051282051282052,1.0,0.6,2.0,0.6,False,0.6794871794871795,1.56,0.12,2.0,0.7272727272727273,False,False,
1361.65,292.15,4.65858621722605,213.3165505684256,25.77307848049266,48.651368457007194,0.07113875709957752,test_12_165,test,12,165,20,202,0.06930693069306931,0.3910891089108911,/home/tom/telugu_data/ground_truth/sample_set/test/12/165/1.jpg;/home/tom/telugu_data/ground_truth/sample_set/test/12/165/2.jpg;/home/tom/telugu_data/ground_truth/sample_set/test/12/165/3.jpg;/home/tom/telugu_data/ground_truth/sample_set/test/12/165/4.jpg;/home/tom/telugu_data/ground_truth/sample_set/test/12/165/5.jpg;/home/tom/telugu_data/ground_truth/sample_set/test/12/165/6.jpg;/home/tom/telugu_data/ground_truth/sample_set/test/12/165/7.jpg;/home/tom/telugu_data/ground_truth/sample_set/test/12/165/8.jpg;/home/tom/telugu_data/ground_truth/sample_set/test/12/165/9.jpg;/home/tom/telugu_data/ground_truth/sample_set/test/12/165/10.jpg;/home/tom/telugu_data/ground_truth/sample_set/test/12/165/11.jpg;/home/tom/telugu_data/ground_truth/sample_set/test/12/165/12.jpg;/home/tom/telugu_data/ground_truth/sample_set/test/12/165/13.jpg;/home/tom/telugu_data/ground_truth/sample_set/test/12/165/14.jpg;/home/tom/telugu_data/ground_truth/sample_set/test/12/165/15.jpg;/home/tom/telugu_data/ground_truth/sample_set/test/12/165/16.jpg;/home/tom/telugu_data/ground_truth/sample_set/test/12/165/17.jpg;/home/tom/telugu_data/ground_truth/sample_set/test/12/165/18.jpg;/home/tom/telugu_data/ground_truth/sample_set/test/12/165/19.jpg;/home/tom/telugu_data/ground_truth/sample_set/test/12/165/20.jpg,0.7227722772277227,1.2,0.4,2.0,0.75,False,0.693069306930693,1.35,0.3,2.0,0.7857142857142857,False,False,
1171.576923076923,292.3076923076923,4.007724044321304,213.33852875415545,25.820168797566847,47.80410128675185,0.06944197150682739,test_12_191,test,12,191,26,245,0.08571428571428572,0.40408163265306124,/home/tom/telugu_data/ground_truth/sample_set/test/12/191/1.jpg;/home/tom/telugu_data/ground_truth/sample_set/test/12/191/2.jpg;/home/tom/telugu_data/ground_truth/sample_set/test/12/191/3.jpg;/home/tom/telugu_data/ground_truth/sample_set/test/12/191/4.jpg;/home/tom/telugu_data/ground_truth/sample_set/test/12/191/5.jpg;/home/tom/telugu_data/ground_truth/sample_set/test/12/191/6.jpg;/home/tom/telugu_data/ground_truth/sample_set/test/12/191/7.jpg;/home/tom/telugu_data/ground_truth/sample_set/test/12/191/8.jpg;/home/tom/telugu_data/ground_truth/sample_set/test/12/191/9.jpg;/home/tom/telugu_data/ground_truth/sample_set/test/12/191/10.jpg;/home/tom/telugu_data/ground_truth/sample_set/test/12/191/11.jpg;/home/tom/telugu_data/ground_truth/sample_set/test/12/191/12.jpg;/home/tom/telugu_data/ground_truth/sample_set/test/12/191/13.jpg;/home/tom/telugu_data/ground_truth/sample_set/test/12/191/14.jpg;/home/tom/telugu_data/ground_truth/sample_set/test/12/191/15.jpg;/home/tom/telugu_data/ground_truth/sample_set/test/12/191/16.jpg;/home/tom/telugu_data/ground_truth/sample_set/test/12/191/17.jpg;/home/tom/telugu_data/ground_truth/sample_set/test/12/191/18.jpg;/home/tom/telugu_data/ground_truth/sample_set/test/12/191/19.jpg;/home/tom/telugu_data/ground_truth/sample_set/test/12/191/20.jpg;/home/tom/telugu_data/ground_truth/sample_set/test/12/191/21.jpg;/home/tom/telugu_data/ground_truth/sample_set/test/12/191/22.jpg;/home/tom/telugu_data/ground_truth/sample_set/test/12/191/23.jpg;/home/tom/telugu_data/ground_truth/sample_set/test/12/191/24.jpg;/home/tom/telugu_data/ground_truth/sample_set/test/12/191/25.jpg;/home/tom/telugu_data/ground_truth/sample_set/test/12/191/26.jpg,0.7061224489795919,0.9615384615384616,0.6153846153846154,2.0,0.6,False,0.6612244897959184,1.1923076923076923,0.23076923076923078,2.0,0.7,False,False,
1252.4166666666667,292.5833333333333,4.277441718859396,213.44525936849482,25.78854110714208,47.781623501225674,0.06980831107573243,test_12_195,test,12,195,24,237,0.06751054852320675,0.3755274261603376,/home/tom/telugu_data/ground_truth/sample_set/test/12/195/1.jpg;/home/tom/telugu_data/ground_truth/sample_set/test/12/195/2.jpg;/home/tom/telugu_data/ground_truth/sample_set/test/12/195/3.jpg;/home/tom/telugu_data/ground_truth/sample_set/test/12/195/4.jpg;/home/tom/telugu_data/ground_truth/sample_set/test/12/195/5.jpg;/home/tom/telugu_data/ground_truth/sample_set/test/12/195/6.jpg;/home/tom/telugu_data/ground_truth/sample_set/test/12/195/7.jpg;/home/tom/telugu_data/ground_truth/sample_set/test/12/195/8.jpg;/home/tom/telugu_data/ground_truth/sample_set/test/12/195/9.jpg;/home/tom/telugu_data/ground_truth/sample_set/test/12/195/10.jpg;/home/tom/telugu_data/ground_truth/sample_set/test/12/195/11.jpg;/home/tom/telugu_data/ground_truth/sample_set/test/12/195/12.jpg;/home/tom/telugu_data/ground_truth/sample_set/test/12/195/13.jpg;/home/tom/telugu_data/ground_truth/sample_set/test/12/195/14.jpg;/home/tom/telugu_data/ground_truth/sample_set/test/12/195/15.jpg;/home/tom/telugu_data/ground_truth/sample_set/test/12/195/16.jpg;/home/tom/telugu_data/ground_truth/sample_set/test/12/195/17.jpg;/home/tom/telugu_data/ground_truth/sample_set/test/12/195/18.jpg;/home/tom/telugu_data/ground_truth/sample_set/test/12/195/19.jpg;/home/tom/telugu_data/ground_truth/sample_set/test/12/195/20.jpg;/home/tom/telugu_data/ground_truth/sample_set/test/12/195/21.jpg;/home/tom/telugu_data/ground_truth/sample_set/test/12/195/22.jpg;/home/tom/telugu_data/ground_truth/sample_set/test/12/195/23.jpg;/home/tom/telugu_data/ground_truth/sample_set/test/12/195/24.jpg,0.6244725738396625,1.2916666666666667,0.2916666666666667,2.0,0.5294117647058824,False,0.6497890295358649,1.4166666666666667,0.2916666666666667,2.0,0.7058823529411765,False,False,
1286.625,291.9166666666667,4.406165762345303,214.05825006481214,24.63734706056287,46.862385349876284,0.06423320725142158,test_12_48,test,12,48,24,248,0.0846774193548387,0.4032258064516129,/home/tom/telugu_data/ground_truth/sample_set/test/12/48/1.jpg;/home/tom/telugu_data/ground_truth/sample_set/test/12/48/2.jpg;/home/tom/telugu_data/ground_truth/sample_set/test/12/48/3.jpg;/home/tom/telugu_data/ground_truth/sample_set/test/12/48/4.jpg;/home/tom/telugu_data/ground_truth/sample_set/test/12/48/5.jpg;/home/tom/telugu_data/ground_truth/sample_set/test/12/48/6.jpg;/home/tom/telugu_data/ground_truth/sample_set/test/12/48/7.jpg;/home/tom/telugu_data/ground_truth/sample_set/test/12/48/8.jpg;/home/tom/telugu_data/ground_truth/sample_set/test/12/48/9.jpg;/home/tom/telugu_data/ground_truth/sample_set/test/12/48/10.jpg;/home/tom/telugu_data/ground_truth/sample_set/test/12/48/11.jpg;/home/tom/telugu_data/ground_truth/sample_set/test/12/48/12.jpg;/home/tom/telugu_data/ground_truth/sample_set/test/12/48/13.jpg;/home/tom/telugu_data/ground_truth/sample_set/test/12/48/14.jpg;/home/tom/telugu_data/ground_truth/sample_set/test/12/48/15.jpg;/home/tom/telugu_data/ground_truth/sample_set/test/12/48/16.jpg;/home/tom/telugu_data/ground_truth/sample_set/test/12/48/17.jpg;/home/tom/telugu_data/ground_truth/sample_set/test/12/48/18.jpg;/home/tom/telugu_data/ground_truth/sample_set/test/12/48/19.jpg;/home/tom/telugu_data/ground_truth/sample_set/test/12/48/20.jpg;/home/tom/telugu_data/ground_truth/sample_set/test/12/48/21.jpg;/home/tom/telugu_data/ground_truth/sample_set/test/12/48/22.jpg;/home/tom/telugu_data/ground_truth/sample_set/test/12/48/23.jpg;/home/tom/telugu_data/ground_truth/sample_set/test/12/48/24.jpg,0.7620967741935484,1.0,0.625,2.0,0.3333333333333333,False,0.6048387096774194,1.375,0.20833333333333334,2.0,0.7894736842105263,False,False,
1172.44,292.52,4.008851926744239,214.88292732911472,23.210763908092225,46.14168648092404,0.06030508629560499,test_12_70,test,12,70,25,228,0.07456140350877193,0.37719298245614036,/home/tom/telugu_data/ground_truth/sample_set/test/12/70/1.jpg;/home/tom/telugu_data/ground_truth/sample_set/test/12/70/2.jpg;/home/tom/telugu_data/ground_truth/sample_set/test/12/70/3.jpg;/home/tom/telugu_data/ground_truth/sample_set/test/12/70/4.jpg;/home/tom/telugu_data/ground_truth/sample_set/test/12/70/5.jpg;/home/tom/telugu_data/ground_truth/sample_set/test/12/70/6.jpg;/home/tom/telugu_data/ground_truth/sample_set/test/12/70/7.jpg;/home/tom/telugu_data/ground_truth/sample_set/test/12/70/8.jpg;/home/tom/telugu_data/ground_truth/sample_set/test/12/70/9.jpg;/home/tom/telugu_data/ground_truth/sample_set/test/12/70/10.jpg;/home/tom/telugu_data/ground_truth/sample_set/test/12/70/11.jpg;/home/tom/telugu_data/ground_truth/sample_set/test/12/70/12.jpg;/home/tom/telugu_data/ground_truth/sample_set/test/12/70/13.jpg;/home/tom/telugu_data/ground_truth/sample_set/test/12/70/14.jpg;/home/tom/telugu_data/ground_truth/sample_set/test/12/70/15.jpg;/home/tom/telugu_data/ground_truth/sample_set/test/12/70/16.jpg;/home/tom/telugu_data/ground_truth/sample_set/test/12/70/17.jpg;/home/tom/telugu_data/ground_truth/sample_set/test/12/70/18.jpg;/home/tom/telugu_data/ground_truth/sample_set/test/12/70/19.jpg;/home/tom/telugu_data/ground_truth/sample_set/test/12/70/20.jpg;/home/tom/telugu_data/ground_truth/sample_set/test/12/70/21.jpg;/home/tom/telugu_data/ground_truth/sample_set/test/12/70/22.jpg;/home/tom/telugu_data/ground_truth/sample_set/test/12/70/23.jpg;/home/tom/telugu_data/ground_truth/sample_set/test/12/70/24.jpg;/home/tom/telugu_data/ground_truth/sample_set/test/12/70/25.jpg,0.7017543859649122,0.96,0.52,2.0,0.5833333333333334,False,0.6710526315789473,1.32,0.24,2.0,0.47368421052631576,False,False,
1307.4782608695652,292.4782608695652,4.469358217580832,215.34563042941218,22.364578269639743,40.72395019930968,0.047436012961795816,test_13_12,test,13,12,23,240,0.08333333333333333,0.3958333333333333,/home/tom/telugu_data/ground_truth/sample_set/test/13/12/1.jpg;/home/tom/telugu_data/ground_truth/sample_set/test/13/12/2.jpg;/home/tom/telugu_data/ground_truth/sample_set/test/13/12/3.jpg;/home/tom/telugu_data/ground_truth/sample_set/test/13/12/4.jpg;/home/tom/telugu_data/ground_truth/sample_set/test/13/12/5.jpg;/home/tom/telugu_data/ground_truth/sample_set/test/13/12/6.jpg;/home/tom/telugu_data/ground_truth/sample_set/test/13/12/7.jpg;/home/tom/telugu_data/ground_truth/sample_set/test/13/12/8.jpg;/home/tom/telugu_data/ground_truth/sample_set/test/13/12/9.jpg;/home/tom/telugu_data/ground_truth/sample_set/test/13/12/10.jpg;/home/tom/telugu_data/ground_truth/sample_set/test/13/12/11.jpg;/home/tom/telugu_data/ground_truth/sample_set/test/13/12/12.jpg;/home/tom/telugu_data/ground_truth/sample_set/test/13/12/13.jpg;/home/tom/telugu_data/ground_truth/sample_set/test/13/12/14.jpg;/home/tom/telugu_data/ground_truth/sample_set/test/13/12/15.jpg;/home/tom/telugu_data/ground_truth/sample_set/test/13/12/16.jpg;/home/tom/telugu_data/ground_truth/sample_set/test/13/12/17.jpg;/home/tom/telugu_data/ground_truth/sample_set/test/13/12/18.jpg;/home/tom/telugu_data/ground_truth/sample_set/test/13/12/19.jpg;/home/tom/telugu_data/ground_truth/sample_set/test/13/12/20.jpg;/home/tom/telugu_data/ground_truth/sample_set/test/13/12/21.jpg;/home/tom/telugu_data/ground_truth/sample_set/test/13/12/22.jpg;/home/tom/telugu_data/ground_truth/sample_set/test/13/12/23.jpg,0.8083333333333333,0.9565217391304348,0.6521739130434783,2.0,0.125,True,0.9,1.0,0.6956521739130435,1.0,0.42857142857142855,True,True,low edge sharpness; low contrast; many empty OCR regions
1191.2083333333333,292.75,4.069121965715375,214.94366146629636,22.852961008344938,43.56063222314322,0.05058947859862888,test_13_13,test,13,13,24,214,0.06542056074766354,0.3691588785046729,/home/tom/telugu_data/ground_truth/sample_set/test/13/13/1.jpg;/home/tom/telugu_data/ground_truth/sample_set/test/13/13/2.jpg;/home/tom/telugu_data/ground_truth/sample_set/test/13/13/3.jpg;/home/tom/telugu_data/ground_truth/sample_set/test/13/13/4.jpg;/home/tom/telugu_data/ground_truth/sample_set/test/13/13/5.jpg;/home/tom/telugu_data/ground_truth/sample_set/test/13/13/6.jpg;/home/tom/telugu_data/ground_truth/sample_set/test/13/13/7.jpg;/home/tom/telugu_data/ground_truth/sample_set/test/13/13/8.jpg;/home/tom/telugu_data/ground_truth/sample_set/test/13/13/9.jpg;/home/tom/telugu_data/ground_truth/sample_set/test/13/13/10.jpg;/home/tom/telugu_data/ground_truth/sample_set/test/13/13/11.jpg;/home/tom/telugu_data/ground_truth/sample_set/test/13/13/12.jpg;/home/tom/telugu_data/ground_truth/sample_set/test/13/13/13.jpg;/home/tom/telugu_data/ground_truth/sample_set/test/13/13/14.jpg;/home/tom/telugu_data/ground_truth/sample_set/test/13/13/15.jpg;/home/tom/telugu_data/ground_truth/sample_set/test/13/13/16.jpg;/home/tom/telugu_data/ground_truth/sample_set/test/13/13/17.jpg;/home/tom/telugu_data/ground_truth/sample_set/test/13/13/18.jpg;/home/tom/telugu_data/ground_truth/sample_set/test/13/13/19.jpg;/home/tom/telugu_data/ground_truth/sample_set/test/13/13/20.jpg;/home/tom/telugu_data/ground_truth/sample_set/test/13/13/21.jpg;/home/tom/telugu_data/ground_truth/sample_set/test/13/13/22.jpg;/home/tom/telugu_data/ground_truth/sample_set/test/13/13/23.jpg;/home/tom/telugu_data/ground_truth/sample_set/test/13/13/24.jpg,0.8691588785046729,1.0,0.8333333333333334,2.0,0.75,True,0.8551401869158879,1.0,0.6666666666666666,1.0,0.5,True,True,low edge sharpness; low contrast; many empty OCR regions
1132.4615384615386,293.4230769230769,3.859517498318447,211.3174593716658,23.54290413509273,41.74858120796621,0.05394576764824363,test_13_2,test,13,2,26,242,0.08264462809917356,0.384297520661157,/home/tom/telugu_data/ground_truth/sample_set/test/13/2/1.jpg;/home/tom/telugu_data/ground_truth/sample_set/test/13/2/2.jpg;/home/tom/telugu_data/ground_truth/sample_set/test/13/2/3.jpg;/home/tom/telugu_data/ground_truth/sample_set/test/13/2/4.jpg;/home/tom/telugu_data/ground_truth/sample_set/test/13/2/5.jpg;/home/tom/telugu_data/ground_truth/sample_set/test/13/2/6.jpg;/home/tom/telugu_data/ground_truth/sample_set/test/13/2/7.jpg;/home/tom/telugu_data/ground_truth/sample_set/test/13/2/8.jpg;/home/tom/telugu_data/ground_truth/sample_set/test/13/2/9.jpg;/home/tom/telugu_data/ground_truth/sample_set/test/13/2/10.jpg;/home/tom/telugu_data/ground_truth/sample_set/test/13/2/11.jpg;/home/tom/telugu_data/ground_truth/sample_set/test/13/2/12.jpg;/home/tom/telugu_data/ground_truth/sample_set/test/13/2/13.jpg;/home/tom/telugu_data/ground_truth/sample_set/test/13/2/14.jpg;/home/tom/telugu_data/ground_truth/sample_set/test/13/2/15.jpg;/home/tom/telugu_data/ground_truth/sample_set/test/13/2/16.jpg;/home/tom/telugu_data/ground_truth/sample_set/test/13/2/17.jpg;/home/tom/telugu_data/ground_truth/sample_set/test/13/2/18.jpg;/home/tom/telugu_data/ground_truth/sample_set/test/13/2/19.jpg;/home/tom/telugu_data/ground_truth/sample_set/test/13/2/20.jpg;/home/tom/telugu_data/ground_truth/sample_set/test/13/2/21.jpg;/home/tom/telugu_data/ground_truth/sample_set/test/13/2/22.jpg;/home/tom/telugu_data/ground_truth/sample_set/test/13/2/23.jpg;/home/tom/telugu_data/ground_truth/sample_set/test/13/2/24.jpg;/home/tom/telugu_data/ground_truth/sample_set/test/13/2/25.jpg;/home/tom/telugu_data/ground_truth/sample_set/test/13/2/26.jpg,0.7231404958677686,1.0,0.5769230769230769,2.0,0.5454545454545454,False,0.8884297520661157,1.0,0.6923076923076923,1.0,0.75,True,False,
1266.4782608695652,292.5652173913044,4.326455417421809,214.46041199674227,24.18431470752962,43.42001481703448,0.054057769168837956,test_13_23,test,13,23,23,226,0.05752212389380531,0.3893805309734513,/home/tom/telugu_data/ground_truth/sample_set/test/13/23/1.jpg;/home/tom/telugu_data/ground_truth/sample_set/test/13/23/2.jpg;/home/tom/telugu_data/ground_truth/sample_set/test/13/23/3.jpg;/home/tom/telugu_data/ground_truth/sample_set/test/13/23/4.jpg;/home/tom/telugu_data/ground_truth/sample_set/test/13/23/5.jpg;/home/tom/telugu_data/ground_truth/sample_set/test/13/23/6.jpg;/home/tom/telugu_data/ground_truth/sample_set/test/13/23/7.jpg;/home/tom/telugu_data/ground_truth/sample_set/test/13/23/8.jpg;/home/tom/telugu_data/ground_truth/sample_set/test/13/23/9.jpg;/home/tom/telugu_data/ground_truth/sample_set/test/13/23/10.jpg;/home/tom/telugu_data/ground_truth/sample_set/test/13/23/11.jpg;/home/tom/telugu_data/ground_truth/sample_set/test/13/23/12.jpg;/home/tom/telugu_data/ground_truth/sample_set/test/13/23/13.jpg;/home/tom/telugu_data/ground_truth/sample_set/test/13/23/14.jpg;/home/tom/telugu_data/ground_truth/sample_set/test/13/23/15.jpg;/home/tom/telugu_data/ground_truth/sample_set/test/13/23/16.jpg;/home/tom/telugu_data/ground_truth/sample_set/test/13/23/17.jpg;/home/tom/telugu_data/ground_truth/sample_set/test/13/23/18.jpg;/home/tom/telugu_data/ground_truth/sample_set/test/13/23/19.jpg;/home/tom/telugu_data/ground_truth/sample_set/test/13/23/20.jpg;/home/tom/telugu_data/ground_truth/sample_set/test/13/23/21.jpg;/home/tom/telugu_data/ground_truth/sample_set/test/13/23/22.jpg;/home/tom/telugu_data/ground_truth/sample_set/test/13/23/23.jpg,0.6415929203539823,0.9130434782608695,0.5217391304347826,2.0,0.36363636363636365,False,0.8362831858407079,1.0,0.6086956521739131,1.0,0.5555555555555556,True,False,
1263.0,293.0869565217391,4.30639418744962,214.4801103267061,24.08684040870739,44.62221974732423,0.05433582745521067,test_13_24,test,13,24,23,232,0.06896551724137931,0.3922413793103448,/home/tom/telugu_data/ground_truth/sample_set/test/13/24/1.jpg;/home/tom/telugu_data/ground_truth/sample_set/test/13/24/2.jpg;/home/tom/telugu_data/ground_truth/sample_set/test/13/24/3.jpg;/home/tom/telugu_data/ground_truth/sample_set/test/13/24/4.jpg;/home/tom/telugu_data/ground_truth/sample_set/test/13/24/5.jpg;/home/tom/telugu_data/ground_truth/sample_set/test/13/24/6.jpg;/home/tom/telugu_data/ground_truth/sample_set/test/13/24/7.jpg;/home/tom/telugu_data/ground_truth/sample_set/test/13/24/8.jpg;/home/tom/telugu_data/ground_truth/sample_set/test/13/24/9.jpg;/home/tom/telugu_data/ground_truth/sample_set/test/13/24/10.jpg;/home/tom/telugu_data/ground_truth/sample_set/test/13/24/11.jpg;/home/tom/telugu_data/ground_truth/sample_set/test/13/24/12.jpg;/home/tom/telugu_data/ground_truth/sample_set/test/13/24/13.jpg;/home/tom/telugu_data/ground_truth/sample_set/test/13/24/14.jpg;/home/tom/telugu_data/ground_truth/sample_set/test/13/24/15.jpg;/home/tom/telugu_data/ground_truth/sample_set/test/13/24/16.jpg;/home/tom/telugu_data/ground_truth/sample_set/test/13/24/17.jpg;/home/tom/telugu_data/ground_truth/sample_set/test/13/24/18.jpg;/home/tom/telugu_data/ground_truth/sample_set/test/13/24/19.jpg;/home/tom/telugu_data/ground_truth/sample_set/test/13/24/20.jpg;/home/tom/telugu_data/ground_truth/sample_set/test/13/24/21.jpg;/home/tom/telugu_data/ground_truth/sample_set/test/13/24/22.jpg;/home/tom/telugu_data/ground_truth/sample_set/test/13/24/23.jpg,0.7844827586206896,1.0,0.6521739130434783,2.0,0.5,False,0.8362068965517241,1.0,0.5652173913043478,2.0,0.6,True,False,
1210.076923076923,293.0769230769231,4.126780463172534,214.5129933346805,23.398835030554572,44.41356820168512,0.05191342651550062,test_13_32,test,13,32,26,256,0.08203125,0.4140625,/home/tom/telugu_data/ground_truth/sample_set/test/13/32/1.jpg;/home/tom/telugu_data/ground_truth/sample_set/test/13/32/2.jpg;/home/tom/telugu_data/ground_truth/sample_set/test/13/32/3.jpg;/home/tom/telugu_data/ground_truth/sample_set/test/13/32/4.jpg;/home/tom/telugu_data/ground_truth/sample_set/test/13/32/5.jpg;/home/tom/telugu_data/ground_truth/sample_set/test/13/32/6.jpg;/home/tom/telugu_data/ground_truth/sample_set/test/13/32/7.jpg;/home/tom/telugu_data/ground_truth/sample_set/test/13/32/8.jpg;/home/tom/telugu_data/ground_truth/sample_set/test/13/32/9.jpg;/home/tom/telugu_data/ground_truth/sample_set/test/13/32/10.jpg;/home/tom/telugu_data/ground_truth/sample_set/test/13/32/11.jpg;/home/tom/telugu_data/ground_truth/sample_set/test/13/32/12.jpg;/home/tom/telugu_data/ground_truth/sample_set/test/13/32/13.jpg;/home/tom/telugu_data/ground_truth/sample_set/test/13/32/14.jpg;/home/tom/telugu_data/ground_truth/sample_set/test/13/32/15.jpg;/home/tom/telugu_data/ground_truth/sample_set/test/13/32/16.jpg;/home/tom/telugu_data/ground_truth/sample_set/test/13/32/17.jpg;/home/tom/telugu_data/ground_truth/sample_set/test/13/32/18.jpg;/home/tom/telugu_data/ground_truth/sample_set/test/13/32/19.jpg;/home/tom/telugu_data/ground_truth/sample_set/test/13/32/20.jpg;/home/tom/telugu_data/ground_truth/sample_set/test/13/32/21.jpg;/home/tom/telugu_data/ground_truth/sample_set/test/13/32/22.jpg;/home/tom/telugu_data/ground_truth/sample_set/test/13/32/23.jpg;/home/tom/telugu_data/ground_truth/sample_set/test/13/32/24.jpg;/home/tom/telugu_data/ground_truth/sample_set/test/13/32/25.jpg;/home/tom/telugu_data/ground_truth/sample_set/test/13/32/26.jpg,0.75390625,1.0,0.5384615384615384,2.0,0.6666666666666666,False,0.82421875,1.0,0.5769230769230769,1.0,0.6363636363636364,True,False,
1387.2272727272727,293.0,4.732272386936814,214.67598508172424,22.65849526731054,45.2599122320183,0.05054228689942251,test_13_7,test,13,7,22,237,0.0759493670886076,0.4008438818565401,/home/tom/telugu_data/ground_truth/sample_set/test/13/7/1.jpg;/home/tom/telugu_data/ground_truth/sample_set/test/13/7/2.jpg;/home/tom/telugu_data/ground_truth/sample_set/test/13/7/3.jpg;/home/tom/telugu_data/ground_truth/sample_set/test/13/7/4.jpg;/home/tom/telugu_data/ground_truth/sample_set/test/13/7/5.jpg;/home/tom/telugu_data/ground_truth/sample_set/test/13/7/6.jpg;/home/tom/telugu_data/ground_truth/sample_set/test/13/7/7.jpg;/home/tom/telugu_data/ground_truth/sample_set/test/13/7/8.jpg;/home/tom/telugu_data/ground_truth/sample_set/test/13/7/9.jpg;/home/tom/telugu_data/ground_truth/sample_set/test/13/7/10.jpg;/home/tom/telugu_data/ground_truth/sample_set/test/13/7/11.jpg;/home/tom/telugu_data/ground_truth/sample_set/test/13/7/12.jpg;/home/tom/telugu_data/ground_truth/sample_set/test/13/7/13.jpg;/home/tom/telugu_data/ground_truth/sample_set/test/13/7/14.jpg;/home/tom/telugu_data/ground_truth/sample_set/test/13/7/15.jpg;/home/tom/telugu_data/ground_truth/sample_set/test/13/7/16.jpg;/home/tom/telugu_data/ground_truth/sample_set/test/13/7/17.jpg;/home/tom/telugu_data/ground_truth/sample_set/test/13/7/18.jpg;/home/tom/telugu_data/ground_truth/sample_set/test/13/7/19.jpg;/home/tom/telugu_data/ground_truth/sample_set/test/13/7/20.jpg;/home/tom/telugu_data/ground_truth/sample_set/test/13/7/21.jpg;/home/tom/telugu_data/ground_truth/sample_set/test/13/7/22.jpg,0.7383966244725738,1.0,0.5909090909090909,2.0,0.3333333333333333,False,0.8143459915611815,1.0,0.6363636363636364,1.0,0.75,True,False,
1261.1304347826087,293.04347826086956,4.300171788622169,214.89499412092403,22.436139856135213,43.319297345550396,0.048010309627935406,test_13_9,test,13,9,23,222,0.07207207207207207,0.3918918918918919,/home/tom/telugu_data/ground_truth/sample_set/test/13/9/1.jpg;/home/tom/telugu_data/ground_truth/sample_set/test/13/9/2.jpg;/home/tom/telugu_data/ground_truth/sample_set/test/13/9/3.jpg;/home/tom/telugu_data/ground_truth/sample_set/test/13/9/4.jpg;/home/tom/telugu_data/ground_truth/sample_set/test/13/9/5.jpg;/home/tom/telugu_data/ground_truth/sample_set/test/13/9/6.jpg;/home/tom/telugu_data/ground_truth/sample_set/test/13/9/7.jpg;/home/tom/telugu_data/ground_truth/sample_set/test/13/9/8.jpg;/home/tom/telugu_data/ground_truth/sample_set/test/13/9/9.jpg;/home/tom/telugu_data/ground_truth/sample_set/test/13/9/10.jpg;/home/tom/telugu_data/ground_truth/sample_set/test/13/9/11.jpg;/home/tom/telugu_data/ground_truth/sample_set/test/13/9/12.jpg;/home/tom/telugu_data/ground_truth/sample_set/test/13/9/13.jpg;/home/tom/telugu_data/ground_truth/sample_set/test/13/9/14.jpg;/home/tom/telugu_data/ground_truth/sample_set/test/13/9/15.jpg;/home/tom/telugu_data/ground_truth/sample_set/test/13/9/16.jpg;/home/tom/telugu_data/ground_truth/sample_set/test/13/9/17.jpg;/home/tom/telugu_data/ground_truth/sample_set/test/13/9/18.jpg;/home/tom/telugu_data/ground_truth/sample_set/test/13/9/19.jpg;/home/tom/telugu_data/ground_truth/sample_set/test/13/9/20.jpg;/home/tom/telugu_data/ground_truth/sample_set/test/13/9/21.jpg;/home/tom/telugu_data/ground_truth/sample_set/test/13/9/22.jpg;/home/tom/telugu_data/ground_truth/sample_set/test/13/9/23.jpg,0.6486486486486487,1.0,0.5217391304347826,2.0,0.36363636363636365,False,0.8738738738738738,1.0,0.782608695652174,1.0,0.6,True,False,
1224.125,292.4166666666667,4.184903550989145,213.99077010832377,22.78490990299817,48.901128123816456,0.05328938388690476,test_9_13,test,9,13,24,232,0.07327586206896551,0.4051724137931034,/home/tom/telugu_data/ground_truth/sample_set/test/9/13/1.jpg;/home/tom/telugu_data/ground_truth/sample_set/test/9/13/2.jpg;/home/tom/telugu_data/ground_truth/sample_set/test/9/13/3.jpg;/home/tom/telugu_data/ground_truth/sample_set/test/9/13/4.jpg;/home/tom/telugu_data/ground_truth/sample_set/test/9/13/5.jpg;/home/tom/telugu_data/ground_truth/sample_set/test/9/13/6.jpg;/home/tom/telugu_data/ground_truth/sample_set/test/9/13/7.jpg;/home/tom/telugu_data/ground_truth/sample_set/test/9/13/8.jpg;/home/tom/telugu_data/ground_truth/sample_set/test/9/13/9.jpg;/home/tom/telugu_data/ground_truth/sample_set/test/9/13/10.jpg;/home/tom/telugu_data/ground_truth/sample_set/test/9/13/11.jpg;/home/tom/telugu_data/ground_truth/sample_set/test/9/13/12.jpg;/home/tom/telugu_data/ground_truth/sample_set/test/9/13/13.jpg;/home/tom/telugu_data/ground_truth/sample_set/test/9/13/14.jpg;/home/tom/telugu_data/ground_truth/sample_set/test/9/13/15.jpg;/home/tom/telugu_data/ground_truth/sample_set/test/9/13/16.jpg;/home/tom/telugu_data/ground_truth/sample_set/test/9/13/17.jpg;/home/tom/telugu_data/ground_truth/sample_set/test/9/13/18.jpg;/home/tom/telugu_data/ground_truth/sample_set/test/9/13/19.jpg;/home/tom/telugu_data/ground_truth/sample_set/test/9/13/20.jpg;/home/tom/telugu_data/ground_truth/sample_set/test/9/13/21.jpg;/home/tom/telugu_data/ground_truth/sample_set/test/9/13/22.jpg;/home/tom/telugu_data/ground_truth/sample_set/test/9/13/23.jpg;/home/tom/telugu_data/ground_truth/sample_set/test/9/13/24.jpg,0.6896551724137931,1.0,0.4583333333333333,2.0,0.38461538461538464,False,0.6681034482758621,1.5833333333333333,0.08333333333333333,2.0,0.5909090909090909,False,False,
1138.88,292.68,3.8905054904871736,213.9531688467037,17.333404555454717,32.12619517907994,0.043522255542790524,test_9_166,test,9,166,25,225,0.09333333333333334,0.3688888888888889,/home/tom/telugu_data/ground_truth/sample_set/test/9/166/1.jpg;/home/tom/telugu_data/ground_truth/sample_set/test/9/166/2.jpg;/home/tom/telugu_data/ground_truth/sample_set/test/9/166/3.jpg;/home/tom/telugu_data/ground_truth/sample_set/test/9/166/4.jpg;/home/tom/telugu_data/ground_truth/sample_set/test/9/166/5.jpg;/home/tom/telugu_data/ground_truth/sample_set/test/9/166/6.jpg;/home/tom/telugu_data/ground_truth/sample_set/test/9/166/7.jpg;/home/tom/telugu_data/ground_truth/sample_set/test/9/166/8.jpg;/home/tom/telugu_data/ground_truth/sample_set/test/9/166/9.jpg;/home/tom/telugu_data/ground_truth/sample_set/test/9/166/10.jpg;/home/tom/telugu_data/ground_truth/sample_set/test/9/166/11.jpg;/home/tom/telugu_data/ground_truth/sample_set/test/9/166/12.jpg;/home/tom/telugu_data/ground_truth/sample_set/test/9/166/13.jpg;/home/tom/telugu_data/ground_truth/sample_set/test/9/166/14.jpg;/home/tom/telugu_data/ground_truth/sample_set/test/9/166/15.jpg;/home/tom/telugu_data/ground_truth/sample_set/test/9/166/16.jpg;/home/tom/telugu_data/ground_truth/sample_set/test/9/166/17.jpg;/home/tom/telugu_data/ground_truth/sample_set/test/9/166/18.jpg;/home/tom/telugu_data/ground_truth/sample_set/test/9/166/19.jpg;/home/tom/telugu_data/ground_truth/sample_set/test/9/166/20.jpg;/home/tom/telugu_data/ground_truth/sample_set/test/9/166/21.jpg;/home/tom/telugu_data/ground_truth/sample_set/test/9/166/22.jpg;/home/tom/telugu_data/ground_truth/sample_set/test/9/166/23.jpg;/home/tom/telugu_data/ground_truth/sample_set/test/9/166/24.jpg;/home/tom/telugu_data/ground_truth/sample_set/test/9/166/25.jpg,0.6222222222222222,1.0,0.4,2.0,0.6,False,0.6088888888888889,1.16,0.2,2.0,0.55,False,False,
1125.375,292.75,3.8422792716593173,214.59669105375647,22.590399434176607,43.63131270774834,0.05479235041935854,test_9_249,test,9,249,24,213,0.07511737089201878,0.38967136150234744,/home/tom/telugu_data/ground_truth/sample_set/test/9/249/1.jpg;/home/tom/telugu_data/ground_truth/sample_set/test/9/249/2.jpg;/home/tom/telugu_data/ground_truth/sample_set/test/9/249/3.jpg;/home/tom/telugu_data/ground_truth/sample_set/test/9/249/4.jpg;/home/tom/telugu_data/ground_truth/sample_set/test/9/249/5.jpg;/home/tom/telugu_data/ground_truth/sample_set/test/9/249/6.jpg;/home/tom/telugu_data/ground_truth/sample_set/test/9/249/7.jpg;/home/tom/telugu_data/ground_truth/sample_set/test/9/249/8.jpg;/home/tom/telugu_data/ground_truth/sample_set/test/9/249/9.jpg;/home/tom/telugu_data/ground_truth/sample_set/test/9/249/10.jpg;/home/tom/telugu_data/ground_truth/sample_set/test/9/249/11.jpg;/home/tom/telugu_data/ground_truth/sample_set/test/9/249/12.jpg;/home/tom/telugu_data/ground_truth/sample_set/test/9/249/13.jpg;/home/tom/telugu_data/ground_truth/sample_set/test/9/249/14.jpg;/home/tom/telugu_data/ground_truth/sample_set/test/9/249/15.jpg;/home/tom/telugu_data/ground_truth/sample_set/test/9/249/16.jpg;/home/tom/telugu_data/ground_truth/sample_set/test/9/249/17.jpg;/home/tom/telugu_data/ground_truth/sample_set/test/9/249/18.jpg;/home/tom/telugu_data/ground_truth/sample_set/test/9/249/19.jpg;/home/tom/telugu_data/ground_truth/sample_set/test/9/249/20.jpg;/home/tom/telugu_data/ground_truth/sample_set/test/9/249/21.jpg;/home/tom/telugu_data/ground_truth/sample_set/test/9/249/22.jpg;/home/tom/telugu_data/ground_truth/sample_set/test/9/249/23.jpg;/home/tom/telugu_data/ground_truth/sample_set/test/9/249/24.jpg,0.7699530516431925,1.0,0.625,1.0,0.4444444444444444,False,0.6103286384976526,1.2083333333333333,0.20833333333333334,2.0,0.6842105263157895,False,False,
1165.32,292.2,3.9878993239387297,211.60824773387802,22.909690290010282,42.27247087686599,0.05718635022371679,test_9_252,test,9,252,25,231,0.08658008658008658,0.38961038961038963,/home/tom/telugu_data/ground_truth/sample_set/test/9/252/1.jpg;/home/tom/telugu_data/ground_truth/sample_set/test/9/252/2.jpg;/home/tom/telugu_data/ground_truth/sample_set/test/9/252/3.jpg;/home/tom/telugu_data/ground_truth/sample_set/test/9/252/4.jpg;/home/tom/telugu_data/ground_truth/sample_set/test/9/252/5.jpg;/home/tom/telugu_data/ground_truth/sample_set/test/9/252/6.jpg;/home/tom/telugu_data/ground_truth/sample_set/test/9/252/7.jpg;/home/tom/telugu_data/ground_truth/sample_set/test/9/252/8.jpg;/home/tom/telugu_data/ground_truth/sample_set/test/9/252/9.jpg;/home/tom/telugu_data/ground_truth/sample_set/test/9/252/10.jpg;/home/tom/telugu_data/ground_truth/sample_set/test/9/252/11.jpg;/home/tom/telugu_data/ground_truth/sample_set/test/9/252/12.jpg;/home/tom/telugu_data/ground_truth/sample_set/test/9/252/13.jpg;/home/tom/telugu_data/ground_truth/sample_set/test/9/252/14.jpg;/home/tom/telugu_data/ground_truth/sample_set/test/9/252/15.jpg;/home/tom/telugu_data/ground_truth/sample_set/test/9/252/16.jpg;/home/tom/telugu_data/ground_truth/sample_set/test/9/252/17.jpg;/home/tom/telugu_data/ground_truth/sample_set/test/9/252/18.jpg;/home/tom/telugu_data/ground_truth/sample_set/test/9/252/19.jpg;/home/tom/telugu_data/ground_truth/sample_set/test/9/252/20.jpg;/home/tom/telugu_data/ground_truth/sample_set/test/9/252/21.jpg;/home/tom/telugu_data/ground_truth/sample_set/test/9/252/22.jpg;/home/tom/telugu_data/ground_truth/sample_set/test/9/252/23.jpg;/home/tom/telugu_data/ground_truth/sample_set/test/9/252/24.jpg;/home/tom/telugu_data/ground_truth/sample_set/test/9/252/25.jpg,0.7445887445887446,0.96,0.48,2.0,0.38461538461538464,False,0.6753246753246753,1.44,0.12,2.0,0.6363636363636364,False,False,
1220.625,292.8333333333333,4.167227098499101,213.90140938928286,22.48321574587329,46.50917496199315,0.05998888887456491,test_9_393,test,9,393,24,228,0.07894736842105263,0.37280701754385964,/home/tom/telugu_data/ground_truth/sample_set/test/9/393/1.jpg;/home/tom/telugu_data/ground_truth/sample_set/test/9/393/2.jpg;/home/tom/telugu_data/ground_truth/sample_set/test/9/393/3.jpg;/home/tom/telugu_data/ground_truth/sample_set/test/9/393/4.jpg;/home/tom/telugu_data/ground_truth/sample_set/test/9/393/5.jpg;/home/tom/telugu_data/ground_truth/sample_set/test/9/393/6.jpg;/home/tom/telugu_data/ground_truth/sample_set/test/9/393/7.jpg;/home/tom/telugu_data/ground_truth/sample_set/test/9/393/8.jpg;/home/tom/telugu_data/ground_truth/sample_set/test/9/393/9.jpg;/home/tom/telugu_data/ground_truth/sample_set/test/9/393/10.jpg;/home/tom/telugu_data/ground_truth/sample_set/test/9/393/11.jpg;/home/tom/telugu_data/ground_truth/sample_set/test/9/393/12.jpg;/home/tom/telugu_data/ground_truth/sample_set/test/9/393/13.jpg;/home/tom/telugu_data/ground_truth/sample_set/test/9/393/14.jpg;/home/tom/telugu_data/ground_truth/sample_set/test/9/393/15.jpg;/home/tom/telugu_data/ground_truth/sample_set/test/9/393/16.jpg;/home/tom/telugu_data/ground_truth/sample_set/test/9/393/17.jpg;/home/tom/telugu_data/ground_truth/sample_set/test/9/393/18.jpg;/home/tom/telugu_data/ground_truth/sample_set/test/9/393/19.jpg;/home/tom/telugu_data/ground_truth/sample_set/test/9/393/20.jpg;/home/tom/telugu_data/ground_truth/sample_set/test/9/393/21.jpg;/home/tom/telugu_data/ground_truth/sample_set/test/9/393/22.jpg;/home/tom/telugu_data/ground_truth/sample_set/test/9/393/23.jpg;/home/tom/telugu_data/ground_truth/sample_set/test/9/393/24.jpg,0.7017543859649122,1.0,0.4583333333333333,2.0,0.38461538461538464,False,0.6710526315789473,1.7083333333333333,0.08333333333333333,2.0,0.6818181818181818,False,False,
1185.0416666666667,292.6666666666667,4.047952561499616,215.1207483040404,22.53831582725621,45.24221076614821,0.05227269636270174,test_9_53,test,9,53,24,231,0.09523809523809523,0.38961038961038963,/home/tom/telugu_data/ground_truth/sample_set/test/9/53/1.jpg;/home/tom/telugu_data/ground_truth/sample_set/test/9/53/2.jpg;/home/tom/telugu_data/ground_truth/sample_set/test/9/53/3.jpg;/home/tom/telugu_data/ground_truth/sample_set/test/9/53/4.jpg;/home/tom/telugu_data/ground_truth/sample_set/test/9/53/5.jpg;/home/tom/telugu_data/ground_truth/sample_set/test/9/53/6.jpg;/home/tom/telugu_data/ground_truth/sample_set/test/9/53/7.jpg;/home/tom/telugu_data/ground_truth/sample_set/test/9/53/8.jpg;/home/tom/telugu_data/ground_truth/sample_set/test/9/53/9.jpg;/home/tom/telugu_data/ground_truth/sample_set/test/9/53/10.jpg;/home/tom/telugu_data/ground_truth/sample_set/test/9/53/11.jpg;/home/tom/telugu_data/ground_truth/sample_set/test/9/53/12.jpg;/home/tom/telugu_data/ground_truth/sample_set/test/9/53/13.jpg;/home/tom/telugu_data/ground_truth/sample_set/test/9/53/14.jpg;/home/tom/telugu_data/ground_truth/sample_set/test/9/53/15.jpg;/home/tom/telugu_data/ground_truth/sample_set/test/9/53/16.jpg;/home/tom/telugu_data/ground_truth/sample_set/test/9/53/17.jpg;/home/tom/telugu_data/ground_truth/sample_set/test/9/53/18.jpg;/home/tom/telugu_data/ground_truth/sample_set/test/9/53/19.jpg;/home/tom/telugu_data/ground_truth/sample_set/test/9/53/20.jpg;/home/tom/telugu_data/ground_truth/sample_set/test/9/53/21.jpg;/home/tom/telugu_data/ground_truth/sample_set/test/9/53/22.jpg;/home/tom/telugu_data/ground_truth/sample_set/test/9/53/23.jpg;/home/tom/telugu_data/ground_truth/sample_set/test/9/53/24.jpg,0.6883116883116883,1.25,0.25,2.0,0.5555555555555556,False,0.6017316017316018,1.25,0.125,2.0,0.5714285714285714,False,False,
1125.3461538461538,291.5769230769231,3.85972288591308,212.12869401532774,21.522358777774972,44.40699244862294,0.054093024525382005,test_9_65,test,9,65,26,239,0.07112970711297072,0.401673640167364,/home/tom/telugu_data/ground_truth/sample_set/test/9/65/1.jpg;/home/tom/telugu_data/ground_truth/sample_set/test/9/65/2.jpg;/home/tom/telugu_data/ground_truth/sample_set/test/9/65/3.jpg;/home/tom/telugu_data/ground_truth/sample_set/test/9/65/4.jpg;/home/tom/telugu_data/ground_truth/sample_set/test/9/65/5.jpg;/home/tom/telugu_data/ground_truth/sample_set/test/9/65/6.jpg;/home/tom/telugu_data/ground_truth/sample_set/test/9/65/7.jpg;/home/tom/telugu_data/ground_truth/sample_set/test/9/65/8.jpg;/home/tom/telugu_data/ground_truth/sample_set/test/9/65/9.jpg;/home/tom/telugu_data/ground_truth/sample_set/test/9/65/10.jpg;/home/tom/telugu_data/ground_truth/sample_set/test/9/65/11.jpg;/home/tom/telugu_data/ground_truth/sample_set/test/9/65/12.jpg;/home/tom/telugu_data/ground_truth/sample_set/test/9/65/13.jpg;/home/tom/telugu_data/ground_truth/sample_set/test/9/65/14.jpg;/home/tom/telugu_data/ground_truth/sample_set/test/9/65/15.jpg;/home/tom/telugu_data/ground_truth/sample_set/test/9/65/16.jpg;/home/tom/telugu_data/ground_truth/sample_set/test/9/65/17.jpg;/home/tom/telugu_data/ground_truth/sample_set/test/9/65/18.jpg;/home/tom/telugu_data/ground_truth/sample_set/test/9/65/19.jpg;/home/tom/telugu_data/ground_truth/sample_set/test/9/65/20.jpg;/home/tom/telugu_data/ground_truth/sample_set/test/9/65/21.jpg;/home/tom/telugu_data/ground_truth/sample_set/test/9/65/22.jpg;/home/tom/telugu_data/ground_truth/sample_set/test/9/65/23.jpg;/home/tom/telugu_data/ground_truth/sample_set/test/9/65/24.jpg;/home/tom/telugu_data/ground_truth/sample_set/test/9/65/25.jpg;/home/tom/telugu_data/ground_truth/sample_set/test/9/65/26.jpg,0.6652719665271967,1.0,0.46153846153846156,2.0,0.42857142857142855,False,0.6569037656903766,1.3461538461538463,0.11538461538461539,2.0,0.6521739130434783,False,False,
1176.44,293.52,4.0066109202254365,212.0236343823413,21.50866796364031,40.85182644099148,0.054989061017731,test_9_91,test,9,91,25,231,0.07792207792207792,0.38095238095238093,/home/tom/telugu_data/ground_truth/sample_set/test/9/91/2.jpg;/home/tom/telugu_data/ground_truth/sample_set/test/9/91/3.jpg;/home/tom/telugu_data/ground_truth/sample_set/test/9/91/4.jpg;/home/tom/telugu_data/ground_truth/sample_set/test/9/91/5.jpg;/home/tom/telugu_data/ground_truth/sample_set/test/9/91/6.jpg;/home/tom/telugu_data/ground_truth/sample_set/test/9/91/7.jpg;/home/tom/telugu_data/ground_truth/sample_set/test/9/91/8.jpg;/home/tom/telugu_data/ground_truth/sample_set/test/9/91/9.jpg;/home/tom/telugu_data/ground_truth/sample_set/test/9/91/10.jpg;/home/tom/telugu_data/ground_truth/sample_set/test/9/91/11.jpg;/home/tom/telugu_data/ground_truth/sample_set/test/9/91/12.jpg;/home/tom/telugu_data/ground_truth/sample_set/test/9/91/13.jpg;/home/tom/telugu_data/ground_truth/sample_set/test/9/91/14.jpg;/home/tom/telugu_data/ground_truth/sample_set/test/9/91/15.jpg;/home/tom/telugu_data/ground_truth/sample_set/test/9/91/16.jpg;/home/tom/telugu_data/ground_truth/sample_set/test/9/91/17.jpg;/home/tom/telugu_data/ground_truth/sample_set/test/9/91/18.jpg;/home/tom/telugu_data/ground_truth/sample_set/test/9/91/19.jpg;/home/tom/telugu_data/ground_truth/sample_set/test/9/91/20.jpg;/home/tom/telugu_data/ground_truth/sample_set/test/9/91/21.jpg;/home/tom/telugu_data/ground_truth/sample_set/test/9/91/22.jpg;/home/tom/telugu_data/ground_truth/sample_set/test/9/91/23.jpg;/home/tom/telugu_data/ground_truth/sample_set/test/9/91/24.jpg;/home/tom/telugu_data/ground_truth/sample_set/test/9/91/25.jpg;/home/tom/telugu_data/ground_truth/sample_set/test/9/91/26.jpg,0.7792207792207793,1.4,0.52,2.0,0.38461538461538464,False,0.5974025974025974,1.4,0.08,2.0,0.625,False,False,
1387.0,293.72727272727275,4.72755616491869,213.7380308050644,23.738433717463728,49.247010499107084,0.0638792852874238,val_10_108,val,10,108,22,240,0.08333333333333333,0.38333333333333336,/home/tom/telugu_data/ground_truth/sample_set/val/10/108/1.jpg;/home/tom/telugu_data/ground_truth/sample_set/val/10/108/2.jpg;/home/tom/telugu_data/ground_truth/sample_set/val/10/108/3.jpg;/home/tom/telugu_data/ground_truth/sample_set/val/10/108/4.jpg;/home/tom/telugu_data/ground_truth/sample_set/val/10/108/5.jpg;/home/tom/telugu_data/ground_truth/sample_set/val/10/108/6.jpg;/home/tom/telugu_data/ground_truth/sample_set/val/10/108/7.jpg;/home/tom/telugu_data/ground_truth/sample_set/val/10/108/8.jpg;/home/tom/telugu_data/ground_truth/sample_set/val/10/108/9.jpg;/home/tom/telugu_data/ground_truth/sample_set/val/10/108/10.jpg;/home/tom/telugu_data/ground_truth/sample_set/val/10/108/11.jpg;/home/tom/telugu_data/ground_truth/sample_set/val/10/108/12.jpg;/home/tom/telugu_data/ground_truth/sample_set/val/10/108/13.jpg;/home/tom/telugu_data/ground_truth/sample_set/val/10/108/14.jpg;/home/tom/telugu_data/ground_truth/sample_set/val/10/108/15.jpg;/home/tom/telugu_data/ground_truth/sample_set/val/10/108/16.jpg;/home/tom/telugu_data/ground_truth/sample_set/val/10/108/17.jpg;/home/tom/telugu_data/ground_truth/sample_set/val/10/108/18.jpg;/home/tom/telugu_data/ground_truth/sample_set/val/10/108/19.jpg;/home/tom/telugu_data/ground_truth/sample_set/val/10/108/20.jpg;/home/tom/telugu_data/ground_truth/sample_set/val/10/108/21.jpg;/home/tom/telugu_data/ground_truth/sample_set/val/10/108/22.jpg,0.7333333333333333,0.9545454545454546,0.5909090909090909,2.0,0.1111111111111111,False,0.7958333333333333,1.0,0.45454545454545453,2.0,0.4166666666666667,False,False,
1119.8461538461538,293.03846153846155,3.823007062543605,213.376366802497,23.959398913847117,45.89092310207616,0.06188517082935292,val_10_179,val,10,179,26,214,0.07009345794392523,0.37383177570093457,/home/tom/telugu_data/ground_truth/sample_set/val/10/179/1.jpg;/home/tom/telugu_data/ground_truth/sample_set/val/10/179/2.jpg;/home/tom/telugu_data/ground_truth/sample_set/val/10/179/3.jpg;/home/tom/telugu_data/ground_truth/sample_set/val/10/179/4.jpg;/home/tom/telugu_data/ground_truth/sample_set/val/10/179/5.jpg;/home/tom/telugu_data/ground_truth/sample_set/val/10/179/6.jpg;/home/tom/telugu_data/ground_truth/sample_set/val/10/179/7.jpg;/home/tom/telugu_data/ground_truth/sample_set/val/10/179/8.jpg;/home/tom/telugu_data/ground_truth/sample_set/val/10/179/9.jpg;/home/tom/telugu_data/ground_truth/sample_set/val/10/179/10.jpg;/home/tom/telugu_data/ground_truth/sample_set/val/10/179/11.jpg;/home/tom/telugu_data/ground_truth/sample_set/val/10/179/12.jpg;/home/tom/telugu_data/ground_truth/sample_set/val/10/179/13.jpg;/home/tom/telugu_data/ground_truth/sample_set/val/10/179/14.jpg;/home/tom/telugu_data/ground_truth/sample_set/val/10/179/15.jpg;/home/tom/telugu_data/ground_truth/sample_set/val/10/179/16.jpg;/home/tom/telugu_data/ground_truth/sample_set/val/10/179/17.jpg;/home/tom/telugu_data/ground_truth/sample_set/val/10/179/18.jpg;/home/tom/telugu_data/ground_truth/sample_set/val/10/179/19.jpg;/home/tom/telugu_data/ground_truth/sample_set/val/10/179/20.jpg;/home/tom/telugu_data/ground_truth/sample_set/val/10/179/21.jpg;/home/tom/telugu_data/ground_truth/sample_set/val/10/179/22.jpg;/home/tom/telugu_data/ground_truth/sample_set/val/10/179/23.jpg;/home/tom/telugu_data/ground_truth/sample_set/val/10/179/24.jpg;/home/tom/telugu_data/ground_truth/sample_set/val/10/179/25.jpg;/home/tom/telugu_data/ground_truth/sample_set/val/10/179/26.jpg,0.7336448598130841,0.9230769230769231,0.6923076923076923,2.0,0.125,False,0.7850467289719626,1.0,0.46153846153846156,2.0,0.6428571428571429,False,False,
1240.3333333333333,293.5833333333333,4.218572841650049,213.192865376904,23.582507709763547,44.010371737008825,0.05993296955317457,val_10_350,val,10,350,24,224,0.05803571428571429,0.39285714285714285,/home/tom/telugu_data/ground_truth/sample_set/val/10/350/1.jpg;/home/tom/telugu_data/ground_truth/sample_set/val/10/350/2.jpg;/home/tom/telugu_data/ground_truth/sample_set/val/10/350/3.jpg;/home/tom/telugu_data/ground_truth/sample_set/val/10/350/4.jpg;/home/tom/telugu_data/ground_truth/sample_set/val/10/350/5.jpg;/home/tom/telugu_data/ground_truth/sample_set/val/10/350/6.jpg;/home/tom/telugu_data/ground_truth/sample_set/val/10/350/7.jpg;/home/tom/telugu_data/ground_truth/sample_set/val/10/350/8.jpg;/home/tom/telugu_data/ground_truth/sample_set/val/10/350/9.jpg;/home/tom/telugu_data/ground_truth/sample_set/val/10/350/10.jpg;/home/tom/telugu_data/ground_truth/sample_set/val/10/350/11.jpg;/home/tom/telugu_data/ground_truth/sample_set/val/10/350/12.jpg;/home/tom/telugu_data/ground_truth/sample_set/val/10/350/13.jpg;/home/tom/telugu_data/ground_truth/sample_set/val/10/350/14.jpg;/home/tom/telugu_data/ground_truth/sample_set/val/10/350/15.jpg;/home/tom/telugu_data/ground_truth/sample_set/val/10/350/16.jpg;/home/tom/telugu_data/ground_truth/sample_set/val/10/350/17.jpg;/home/tom/telugu_data/ground_truth/sample_set/val/10/350/18.jpg;/home/tom/telugu_data/ground_truth/sample_set/val/10/350/19.jpg;/home/tom/telugu_data/ground_truth/sample_set/val/10/350/20.jpg;/home/tom/telugu_data/ground_truth/sample_set/val/10/350/21.jpg;/home/tom/telugu_data/ground_truth/sample_set/val/10/350/22.jpg;/home/tom/telugu_data/ground_truth/sample_set/val/10/350/23.jpg;/home/tom/telugu_data/ground_truth/sample_set/val/10/350/24.jpg,0.7098214285714286,0.9583333333333334,0.5416666666666666,2.0,0.09090909090909091,False,0.6741071428571429,0.9166666666666666,0.3333333333333333,2.0,0.4375,False,False,
1240.0833333333333,293.8333333333333,4.209298760012857,212.43319280761884,19.71656983539344,39.807173002627245,0.05779959407074734,val_10_386,val,10,386,24,231,0.0735930735930736,0.38095238095238093,/home/tom/telugu_data/ground_truth/sample_set/val/10/386/1.jpg;/home/tom/telugu_data/ground_truth/sample_set/val/10/386/2.jpg;/home/tom/telugu_data/ground_truth/sample_set/val/10/386/3.jpg;/home/tom/telugu_data/ground_truth/sample_set/val/10/386/4.jpg;/home/tom/telugu_data/ground_truth/sample_set/val/10/386/5.jpg;/home/tom/telugu_data/ground_truth/sample_set/val/10/386/6.jpg;/home/tom/telugu_data/ground_truth/sample_set/val/10/386/7.jpg;/home/tom/telugu_data/ground_truth/sample_set/val/10/386/8.jpg;/home/tom/telugu_data/ground_truth/sample_set/val/10/386/9.jpg;/home/tom/telugu_data/ground_truth/sample_set/val/10/386/10.jpg;/home/tom/telugu_data/ground_truth/sample_set/val/10/386/11.jpg;/home/tom/telugu_data/ground_truth/sample_set/val/10/386/12.jpg;/home/tom/telugu_data/ground_truth/sample_set/val/10/386/13.jpg;/home/tom/telugu_data/ground_truth/sample_set/val/10/386/14.jpg;/home/tom/telugu_data/ground_truth/sample_set/val/10/386/15.jpg;/home/tom/telugu_data/ground_truth/sample_set/val/10/386/16.jpg;/home/tom/telugu_data/ground_truth/sample_set/val/10/386/17.jpg;/home/tom/telugu_data/ground_truth/sample_set/val/10/386/18.jpg;/home/tom/telugu_data/ground_truth/sample_set/val/10/386/19.jpg;/home/tom/telugu_data/ground_truth/sample_set/val/10/386/20.jpg;/home/tom/telugu_data/ground_truth/sample_set/val/10/386/21.jpg;/home/tom/telugu_data/ground_truth/sample_set/val/10/386/22.jpg;/home/tom/telugu_data/ground_truth/sample_set/val/10/386/23.jpg;/home/tom/telugu_data/ground_truth/sample_set/val/10/386/24.jpg,0.6926406926406926,1.0,0.4166666666666667,2.0,0.42857142857142855,False,0.6320346320346321,1.25,0.0,2.0,0.7916666666666666,False,False,
1224.5,294.6666666666667,4.15501817235987,214.50863261847357,21.928359905333377,45.28733304552784,0.05795314477431332,val_10_469,val,10,469,24,242,0.09917355371900827,0.39669421487603307,/home/tom/telugu_data/ground_truth/sample_set/val/10/469/1.jpg;/home/tom/telugu_data/ground_truth/sample_set/val/10/469/2.jpg;/home/tom/telugu_data/ground_truth/sample_set/val/10/469/3.jpg;/home/tom/telugu_data/ground_truth/sample_set/val/10/469/4.jpg;/home/tom/telugu_data/ground_truth/sample_set/val/10/469/5.jpg;/home/tom/telugu_data/ground_truth/sample_set/val/10/469/6.jpg;/home/tom/telugu_data/ground_truth/sample_set/val/10/469/7.jpg;/home/tom/telugu_data/ground_truth/sample_set/val/10/469/8.jpg;/home/tom/telugu_data/ground_truth/sample_set/val/10/469/9.jpg;/home/tom/telugu_data/ground_truth/sample_set/val/10/469/10.jpg;/home/tom/telugu_data/ground_truth/sample_set/val/10/469/11.jpg;/home/tom/telugu_data/ground_truth/sample_set/val/10/469/12.jpg;/home/tom/telugu_data/ground_truth/sample_set/val/10/469/13.jpg;/home/tom/telugu_data/ground_truth/sample_set/val/10/469/14.jpg;/home/tom/telugu_data/ground_truth/sample_set/val/10/469/15.jpg;/home/tom/telugu_data/ground_truth/sample_set/val/10/469/16.jpg;/home/tom/telugu_data/ground_truth/sample_set/val/10/469/17.jpg;/home/tom/telugu_data/ground_truth/sample_set/val/10/469/18.jpg;/home/tom/telugu_data/ground_truth/sample_set/val/10/469/19.jpg;/home/tom/telugu_data/ground_truth/sample_set/val/10/469/20.jpg;/home/tom/telugu_data/ground_truth/sample_set/val/10/469/21.jpg;/home/tom/telugu_data/ground_truth/sample_set/val/10/469/22.jpg;/home/tom/telugu_data/ground_truth/sample_set/val/10/469/23.jpg;/home/tom/telugu_data/ground_truth/sample_set/val/10/469/24.jpg,0.7355371900826446,1.0,0.5833333333333334,2.0,0.4,False,0.8016528925619835,1.0,0.5416666666666666,2.0,0.8181818181818182,True,False,
1272.2916666666667,293.625,4.334690549202505,215.34670491121065,20.114393494549727,44.41682402187152,0.05252878223319202,val_10_480,val,10,480,24,230,0.08260869565217391,0.3826086956521739,/home/tom/telugu_data/ground_truth/sample_set/val/10/480/1.jpg;/home/tom/telugu_data/ground_truth/sample_set/val/10/480/2.jpg;/home/tom/telugu_data/ground_truth/sample_set/val/10/480/3.jpg;/home/tom/telugu_data/ground_truth/sample_set/val/10/480/4.jpg;/home/tom/telugu_data/ground_truth/sample_set/val/10/480/5.jpg;/home/tom/telugu_data/ground_truth/sample_set/val/10/480/6.jpg;/home/tom/telugu_data/ground_truth/sample_set/val/10/480/7.jpg;/home/tom/telugu_data/ground_truth/sample_set/val/10/480/8.jpg;/home/tom/telugu_data/ground_truth/sample_set/val/10/480/9.jpg;/home/tom/telugu_data/ground_truth/sample_set/val/10/480/10.jpg;/home/tom/telugu_data/ground_truth/sample_set/val/10/480/11.jpg;/home/tom/telugu_data/ground_truth/sample_set/val/10/480/12.jpg;/home/tom/telugu_data/ground_truth/sample_set/val/10/480/13.jpg;/home/tom/telugu_data/ground_truth/sample_set/val/10/480/14.jpg;/home/tom/telugu_data/ground_truth/sample_set/val/10/480/15.jpg;/home/tom/telugu_data/ground_truth/sample_set/val/10/480/16.jpg;/home/tom/telugu_data/ground_truth/sample_set/val/10/480/17.jpg;/home/tom/telugu_data/ground_truth/sample_set/val/10/480/18.jpg;/home/tom/telugu_data/ground_truth/sample_set/val/10/480/19.jpg;/home/tom/telugu_data/ground_truth/sample_set/val/10/480/20.jpg;/home/tom/telugu_data/ground_truth/sample_set/val/10/480/21.jpg;/home/tom/telugu_data/ground_truth/sample_set/val/10/480/22.jpg;/home/tom/telugu_data/ground_truth/sample_set/val/10/480/23.jpg;/home/tom/telugu_data/ground_truth/sample_set/val/10/480/24.jpg,0.7391304347826086,0.9583333333333334,0.5416666666666666,2.0,0.2727272727272727,False,0.7608695652173914,1.0,0.4583333333333333,1.0,0.46153846153846156,False,False,
1176.16,293.36,4.010288492043769,213.1390827765633,24.166455810181002,46.387185806060025,0.0636871140095788,val_10_53,val,10,53,25,229,0.07423580786026202,0.3930131004366812,/home/tom/telugu_data/ground_truth/sample_set/val/10/53/1.jpg;/home/tom/telugu_data/ground_truth/sample_set/val/10/53/2.jpg;/home/tom/telugu_data/ground_truth/sample_set/val/10/53/3.jpg;/home/tom/telugu_data/ground_truth/sample_set/val/10/53/4.jpg;/home/tom/telugu_data/ground_truth/sample_set/val/10/53/5.jpg;/home/tom/telugu_data/ground_truth/sample_set/val/10/53/6.jpg;/home/tom/telugu_data/ground_truth/sample_set/val/10/53/7.jpg;/home/tom/telugu_data/ground_truth/sample_set/val/10/53/8.jpg;/home/tom/telugu_data/ground_truth/sample_set/val/10/53/9.jpg;/home/tom/telugu_data/ground_truth/sample_set/val/10/53/10.jpg;/home/tom/telugu_data/ground_truth/sample_set/val/10/53/11.jpg;/home/tom/telugu_data/ground_truth/sample_set/val/10/53/12.jpg;/home/tom/telugu_data/ground_truth/sample_set/val/10/53/13.jpg;/home/tom/telugu_data/ground_truth/sample_set/val/10/53/14.jpg;/home/tom/telugu_data/ground_truth/sample_set/val/10/53/15.jpg;/home/tom/telugu_data/ground_truth/sample_set/val/10/53/16.jpg;/home/tom/telugu_data/ground_truth/sample_set/val/10/53/17.jpg;/home/tom/telugu_data/ground_truth/sample_set/val/10/53/18.jpg;/home/tom/telugu_data/ground_truth/sample_set/val/10/53/19.jpg;/home/tom/telugu_data/ground_truth/sample_set/val/10/53/20.jpg;/home/tom/telugu_data/ground_truth/sample_set/val/10/53/21.jpg;/home/tom/telugu_data/ground_truth/sample_set/val/10/53/22.jpg;/home/tom/telugu_data/ground_truth/sample_set/val/10/53/23.jpg;/home/tom/telugu_data/ground_truth/sample_set/val/10/53/24.jpg;/home/tom/telugu_data/ground_truth/sample_set/val/10/53/25.jpg,0.8733624454148472,1.0,0.76,1.0,0.3333333333333333,True,0.8122270742358079,1.0,0.48,2.0,0.23076923076923078,True,True,low edge sharpness; low contrast; many empty OCR regions
1190.7826086956522,293.30434782608694,4.065340009538625,213.5595680231672,15.655490661504384,28.983504543158457,0.05317245019991725,val_10_89,val,10,89,23,209,0.09090909090909091,0.3684210526315789,/home/tom/telugu_data/ground_truth/sample_set/val/10/89/1.jpg;/home/tom/telugu_data/ground_truth/sample_set/val/10/89/2.jpg;/home/tom/telugu_data/ground_truth/sample_set/val/10/89/3.jpg;/home/tom/telugu_data/ground_truth/sample_set/val/10/89/4.jpg;/home/tom/telugu_data/ground_truth/sample_set/val/10/89/5.jpg;/home/tom/telugu_data/ground_truth/sample_set/val/10/89/6.jpg;/home/tom/telugu_data/ground_truth/sample_set/val/10/89/7.jpg;/home/tom/telugu_data/ground_truth/sample_set/val/10/89/8.jpg;/home/tom/telugu_data/ground_truth/sample_set/val/10/89/9.jpg;/home/tom/telugu_data/ground_truth/sample_set/val/10/89/10.jpg;/home/tom/telugu_data/ground_truth/sample_set/val/10/89/11.jpg;/home/tom/telugu_data/ground_truth/sample_set/val/10/89/12.jpg;/home/tom/telugu_data/ground_truth/sample_set/val/10/89/13.jpg;/home/tom/telugu_data/ground_truth/sample_set/val/10/89/14.jpg;/home/tom/telugu_data/ground_truth/sample_set/val/10/89/15.jpg;/home/tom/telugu_data/ground_truth/sample_set/val/10/89/16.jpg;/home/tom/telugu_data/ground_truth/sample_set/val/10/89/17.jpg;/home/tom/telugu_data/ground_truth/sample_set/val/10/89/18.jpg;/home/tom/telugu_data/ground_truth/sample_set/val/10/89/19.jpg;/home/tom/telugu_data/ground_truth/sample_set/val/10/89/20.jpg;/home/tom/telugu_data/ground_truth/sample_set/val/10/89/21.jpg;/home/tom/telugu_data/ground_truth/sample_set/val/10/89/22.jpg;/home/tom/telugu_data/ground_truth/sample_set/val/10/89/23.jpg,0.7703349282296651,1.0,0.6521739130434783,2.0,0.125,False,0.8516746411483254,1.0,0.6521739130434783,1.0,0.5,True,False,
1139.75,292.2916666666667,3.898657170018234,215.31379399799445,20.449970261011746,39.104228601985504,0.04838210968105449,val_4_149,val,4,149,24,211,0.06635071090047394,0.3981042654028436,/home/tom/telugu_data/ground_truth/sample_set/val/4/149/1.jpg;/home/tom/telugu_data/ground_truth/sample_set/val/4/149/2.jpg;/home/tom/telugu_data/ground_truth/sample_set/val/4/149/3.jpg;/home/tom/telugu_data/ground_truth/sample_set/val/4/149/4.jpg;/home/tom/telugu_data/ground_truth/sample_set/val/4/149/5.jpg;/home/tom/telugu_data/ground_truth/sample_set/val/4/149/6.jpg;/home/tom/telugu_data/ground_truth/sample_set/val/4/149/7.jpg;/home/tom/telugu_data/ground_truth/sample_set/val/4/149/8.jpg;/home/tom/telugu_data/ground_truth/sample_set/val/4/149/9.jpg;/home/tom/telugu_data/ground_truth/sample_set/val/4/149/10.jpg;/home/tom/telugu_data/ground_truth/sample_set/val/4/149/11.jpg;/home/tom/telugu_data/ground_truth/sample_set/val/4/149/12.jpg;/home/tom/telugu_data/ground_truth/sample_set/val/4/149/13.jpg;/home/tom/telugu_data/ground_truth/sample_set/val/4/149/14.jpg;/home/tom/telugu_data/ground_truth/sample_set/val/4/149/15.jpg;/home/tom/telugu_data/ground_truth/sample_set/val/4/149/16.jpg;/home/tom/telugu_data/ground_truth/sample_set/val/4/149/17.jpg;/home/tom/telugu_data/ground_truth/sample_set/val/4/149/18.jpg;/home/tom/telugu_data/ground_truth/sample_set/val/4/149/19.jpg;/home/tom/telugu_data/ground_truth/sample_set/val/4/149/20.jpg;/home/tom/telugu_data/ground_truth/sample_set/val/4/149/21.jpg;/home/tom/telugu_data/ground_truth/sample_set/val/4/149/22.jpg;/home/tom/telugu_data/ground_truth/sample_set/val/4/149/23.jpg;/home/tom/telugu_data/ground_truth/sample_set/val/4/149/24.jpg,0.6492890995260664,1.0,0.375,2.0,0.7333333333333333,False,0.6161137440758294,1.375,0.08333333333333333,2.0,0.6363636363636364,False,False,
1187.375,293.3333333333333,4.043604584753816,212.47237115211283,21.45463715132212,36.88571823262286,0.053819250765480324,val_4_155,val,4,155,24,233,0.09012875536480687,0.4034334763948498,/home/tom/telugu_data/ground_truth/sample_set/val/4/155/1.jpg;/home/tom/telugu_data/ground_truth/sample_set/val/4/155/2.jpg;/home/tom/telugu_data/ground_truth/sample_set/val/4/155/3.jpg;/home/tom/telugu_data/ground_truth/sample_set/val/4/155/4.jpg;/home/tom/telugu_data/ground_truth/sample_set/val/4/155/5.jpg;/home/tom/telugu_data/ground_truth/sample_set/val/4/155/6.jpg;/home/tom/telugu_data/ground_truth/sample_set/val/4/155/7.jpg;/home/tom/telugu_data/ground_truth/sample_set/val/4/155/8.jpg;/home/tom/telugu_data/ground_truth/sample_set/val/4/155/9.jpg;/home/tom/telugu_data/ground_truth/sample_set/val/4/155/10.jpg;/home/tom/telugu_data/ground_truth/sample_set/val/4/155/11.jpg;/home/tom/telugu_data/ground_truth/sample_set/val/4/155/12.jpg;/home/tom/telugu_data/ground_truth/sample_set/val/4/155/13.jpg;/home/tom/telugu_data/ground_truth/sample_set/val/4/155/14.jpg;/home/tom/telugu_data/ground_truth/sample_set/val/4/155/15.jpg;/home/tom/telugu_data/ground_truth/sample_set/val/4/155/16.jpg;/home/tom/telugu_data/ground_truth/sample_set/val/4/155/17.jpg;/home/tom/telugu_data/ground_truth/sample_set/val/4/155/18.jpg;/home/tom/telugu_data/ground_truth/sample_set/val/4/155/19.jpg;/home/tom/telugu_data/ground_truth/sample_set/val/4/155/20.jpg;/home/tom/telugu_data/ground_truth/sample_set/val/4/155/21.jpg;/home/tom/telugu_data/ground_truth/sample_set/val/4/155/22.jpg;/home/tom/telugu_data/ground_truth/sample_set/val/4/155/23.jpg;/home/tom/telugu_data/ground_truth/sample_set/val/4/155/24.jpg,0.6652360515021459,1.0,0.4166666666666667,2.0,0.21428571428571427,False,0.5836909871244635,1.5833333333333333,0.0,2.0,0.5416666666666666,False,False,
1225.047619047619,292.7142857142857,4.182969138362286,212.9077933152245,19.795991904501722,37.392672565936614,0.049631720080710165,val_4_189,val,4,189,21,197,0.07614213197969544,0.37055837563451777,/home/tom/telugu_data/ground_truth/sample_set/val/4/189/1.jpg;/home/tom/telugu_data/ground_truth/sample_set/val/4/189/2.jpg;/home/tom/telugu_data/ground_truth/sample_set/val/4/189/3.jpg;/home/tom/telugu_data/ground_truth/sample_set/val/4/189/4.jpg;/home/tom/telugu_data/ground_truth/sample_set/val/4/189/5.jpg;/home/tom/telugu_data/ground_truth/sample_set/val/4/189/6.jpg;/home/tom/telugu_data/ground_truth/sample_set/val/4/189/7.jpg;/home/tom/telugu_data/ground_truth/sample_set/val/4/189/8.jpg;/home/tom/telugu_data/ground_truth/sample_set/val/4/189/9.jpg;/home/tom/telugu_data/ground_truth/sample_set/val/4/189/10.jpg;/home/tom/telugu_data/ground_truth/sample_set/val/4/189/11.jpg;/home/tom/telugu_data/ground_truth/sample_set/val/4/189/12.jpg;/home/tom/telugu_data/ground_truth/sample_set/val/4/189/13.jpg;/home/tom/telugu_data/ground_truth/sample_set/val/4/189/14.jpg;/home/tom/telugu_data/ground_truth/sample_set/val/4/189/15.jpg;/home/tom/telugu_data/ground_truth/sample_set/val/4/189/16.jpg;/home/tom/telugu_data/ground_truth/sample_set/val/4/189/17.jpg;/home/tom/telugu_data/ground_truth/sample_set/val/4/189/18.jpg;/home/tom/telugu_data/ground_truth/sample_set/val/4/189/19.jpg;/home/tom/telugu_data/ground_truth/sample_set/val/4/189/20.jpg;/home/tom/telugu_data/ground_truth/sample_set/val/4/189/21.jpg,0.6395939086294417,1.0952380952380953,0.3333333333333333,2.0,0.5714285714285714,False,0.5431472081218274,1.6666666666666667,0.0,1.0,0.7619047619047619,False,False,
1153.32,293.08,3.9333009245059465,212.79697798995377,20.118814832920393,39.53427132354706,0.048758370790266854,val_4_206,val,4,206,25,213,0.06103286384976526,0.37089201877934275,/home/tom/telugu_data/ground_truth/sample_set/val/4/206/1.jpg;/home/tom/telugu_data/ground_truth/sample_set/val/4/206/2.jpg;/home/tom/telugu_data/ground_truth/sample_set/val/4/206/3.jpg;/home/tom/telugu_data/ground_truth/sample_set/val/4/206/4.jpg;/home/tom/telugu_data/ground_truth/sample_set/val/4/206/5.jpg;/home/tom/telugu_data/ground_truth/sample_set/val/4/206/6.jpg;/home/tom/telugu_data/ground_truth/sample_set/val/4/206/7.jpg;/home/tom/telugu_data/ground_truth/sample_set/val/4/206/8.jpg;/home/tom/telugu_data/ground_truth/sample_set/val/4/206/9.jpg;/home/tom/telugu_data/ground_truth/sample_set/val/4/206/10.jpg;/home/tom/telugu_data/ground_truth/sample_set/val/4/206/11.jpg;/home/tom/telugu_data/ground_truth/sample_set/val/4/206/12.jpg;/home/tom/telugu_data/ground_truth/sample_set/val/4/206/13.jpg;/home/tom/telugu_data/ground_truth/sample_set/val/4/206/14.jpg;/home/tom/telugu_data/ground_truth/sample_set/val/4/206/15.jpg;/home/tom/telugu_data/ground_truth/sample_set/val/4/206/16.jpg;/home/tom/telugu_data/ground_truth/sample_set/val/4/206/17.jpg;/home/tom/telugu_data/ground_truth/sample_set/val/4/206/18.jpg;/home/tom/telugu_data/ground_truth/sample_set/val/4/206/19.jpg;/home/tom/telugu_data/ground_truth/sample_set/val/4/206/20.jpg;/home/tom/telugu_data/ground_truth/sample_set/val/4/206/21.jpg;/home/tom/telugu_data/ground_truth/sample_set/val/4/206/22.jpg;/home/tom/telugu_data/ground_truth/sample_set/val/4/206/23.jpg;/home/tom/telugu_data/ground_truth/sample_set/val/4/206/24.jpg;/home/tom/telugu_data/ground_truth/sample_set/val/4/206/25.jpg,0.676056338028169,1.4,0.36,2.0,0.6875,False,0.5211267605633803,1.48,0.04,2.0,0.3333333333333333,False,False,
1331.5454545454545,292.77272727272725,4.546734057231554,212.19847740831267,22.292489486496255,38.463651834185285,0.05507124527209513,val_4_219,val,4,219,22,244,0.08196721311475409,0.42213114754098363,/home/tom/telugu_data/ground_truth/sample_set/val/4/219/1.jpg;/home/tom/telugu_data/ground_truth/sample_set/val/4/219/2.jpg;/home/tom/telugu_data/ground_truth/sample_set/val/4/219/3.jpg;/home/tom/telugu_data/ground_truth/sample_set/val/4/219/4.jpg;/home/tom/telugu_data/ground_truth/sample_set/val/4/219/5.jpg;/home/tom/telugu_data/ground_truth/sample_set/val/4/219/6.jpg;/home/tom/telugu_data/ground_truth/sample_set/val/4/219/7.jpg;/home/tom/telugu_data/ground_truth/sample_set/val/4/219/8.jpg;/home/tom/telugu_data/ground_truth/sample_set/val/4/219/9.jpg;/home/tom/telugu_data/ground_truth/sample_set/val/4/219/10.jpg;/home/tom/telugu_data/ground_truth/sample_set/val/4/219/11.jpg;/home/tom/telugu_data/ground_truth/sample_set/val/4/219/12.jpg;/home/tom/telugu_data/ground_truth/sample_set/val/4/219/13.jpg;/home/tom/telugu_data/ground_truth/sample_set/val/4/219/14.jpg;/home/tom/telugu_data/ground_truth/sample_set/val/4/219/15.jpg;/home/tom/telugu_data/ground_truth/sample_set/val/4/219/16.jpg;/home/tom/telugu_data/ground_truth/sample_set/val/4/219/17.jpg;/home/tom/telugu_data/ground_truth/sample_set/val/4/219/18.jpg;/home/tom/telugu_data/ground_truth/sample_set/val/4/219/19.jpg;/home/tom/telugu_data/ground_truth/sample_set/val/4/219/20.jpg;/home/tom/telugu_data/ground_truth/sample_set/val/4/219/21.jpg;/home/tom/telugu_data/ground_truth/sample_set/val/4/219/22.jpg,0.5409836065573771,1.1363636363636365,0.3181818181818182,3.0,0.26666666666666666,False,0.5737704918032787,2.0454545454545454,0.0,2.0,0.8636363636363636,False,False,
1298.409090909091,292.8181818181818,4.4318375562568155,213.47674731622246,19.53764242728387,37.002940988114,0.047791347444092774,val_4_233,val,4,233,22,219,0.0867579908675799,0.3972602739726027,/home/tom/telugu_data/ground_truth/sample_set/val/4/233/1.jpg;/home/tom/telugu_data/ground_truth/sample_set/val/4/233/2.jpg;/home/tom/telugu_data/ground_truth/sample_set/val/4/233/3.jpg;/home/tom/telugu_data/ground_truth/sample_set/val/4/233/4.jpg;/home/tom/telugu_data/ground_truth/sample_set/val/4/233/5.jpg;/home/tom/telugu_data/ground_truth/sample_set/val/4/233/6.jpg;/home/tom/telugu_data/ground_truth/sample_set/val/4/233/7.jpg;/home/tom/telugu_data/ground_truth/sample_set/val/4/233/8.jpg;/home/tom/telugu_data/ground_truth/sample_set/val/4/233/9.jpg;/home/tom/telugu_data/ground_truth/sample_set/val/4/233/10.jpg;/home/tom/telugu_data/ground_truth/sample_set/val/4/233/11.jpg;/home/tom/telugu_data/ground_truth/sample_set/val/4/233/12.jpg;/home/tom/telugu_data/ground_truth/sample_set/val/4/233/13.jpg;/home/tom/telugu_data/ground_truth/sample_set/val/4/233/14.jpg;/home/tom/telugu_data/ground_truth/sample_set/val/4/233/15.jpg;/home/tom/telugu_data/ground_truth/sample_set/val/4/233/16.jpg;/home/tom/telugu_data/ground_truth/sample_set/val/4/233/17.jpg;/home/tom/telugu_data/ground_truth/sample_set/val/4/233/18.jpg;/home/tom/telugu_data/ground_truth/sample_set/val/4/233/19.jpg;/home/tom/telugu_data/ground_truth/sample_set/val/4/233/20.jpg;/home/tom/telugu_data/ground_truth/sample_set/val/4/233/21.jpg;/home/tom/telugu_data/ground_truth/sample_set/val/4/233/22.jpg,0.6027397260273972,1.4545454545454546,0.2727272727272727,2.0,0.5,False,0.5753424657534246,1.6818181818181819,0.0,2.0,0.6363636363636364,False,False,
1189.0833333333333,293.1666666666667,4.054750327339207,216.22645984115158,20.86719589059726,38.75228145702915,0.05071065552756437,val_4_238,val,4,238,24,221,0.05429864253393665,0.3891402714932127,/home/tom/telugu_data/ground_truth/sample_set/val/4/238/1.jpg;/home/tom/telugu_data/ground_truth/sample_set/val/4/238/2.jpg;/home/tom/telugu_data/ground_truth/sample_set/val/4/238/3.jpg;/home/tom/telugu_data/ground_truth/sample_set/val/4/238/4.jpg;/home/tom/telugu_data/ground_truth/sample_set/val/4/238/5.jpg;/home/tom/telugu_data/ground_truth/sample_set/val/4/238/6.jpg;/home/tom/telugu_data/ground_truth/sample_set/val/4/238/7.jpg;/home/tom/telugu_data/ground_truth/sample_set/val/4/238/8.jpg;/home/tom/telugu_data/ground_truth/sample_set/val/4/238/9.jpg;/home/tom/telugu_data/ground_truth/sample_set/val/4/238/10.jpg;/home/tom/telugu_data/ground_truth/sample_set/val/4/238/11.jpg;/home/tom/telugu_data/ground_truth/sample_set/val/4/238/12.jpg;/home/tom/telugu_data/ground_truth/sample_set/val/4/238/13.jpg;/home/tom/telugu_data/ground_truth/sample_set/val/4/238/14.jpg;/home/tom/telugu_data/ground_truth/sample_set/val/4/238/15.jpg;/home/tom/telugu_data/ground_truth/sample_set/val/4/238/16.jpg;/home/tom/telugu_data/ground_truth/sample_set/val/4/238/17.jpg;/home/tom/telugu_data/ground_truth/sample_set/val/4/238/18.jpg;/home/tom/telugu_data/ground_truth/sample_set/val/4/238/19.jpg;/home/tom/telugu_data/ground_truth/sample_set/val/4/238/20.jpg;/home/tom/telugu_data/ground_truth/sample_set/val/4/238/21.jpg;/home/tom/telugu_data/ground_truth/sample_set/val/4/238/22.jpg;/home/tom/telugu_data/ground_truth/sample_set/val/4/238/23.jpg;/home/tom/telugu_data/ground_truth/sample_set/val/4/238/24.jpg,0.5656108597285068,1.5,0.25,2.0,0.3888888888888889,False,0.5429864253393665,1.5833333333333333,0.041666666666666664,2.0,0.6521739130434783,False,False,
1055.392857142857,283.67857142857144,3.700689295814452,213.73391014496823,22.27441875391793,47.53500416353945,0.06382091727830129,val_4_69,val,4,69,28,233,0.07725321888412018,0.37339055793991416,/home/tom/telugu_data/ground_truth/sample_set/val/4/69/1.jpg;/home/tom/telugu_data/ground_truth/sample_set/val/4/69/2.jpg;/home/tom/telugu_data/ground_truth/sample_set/val/4/69/3.jpg;/home/tom/telugu_data/ground_truth/sample_set/val/4/69/4.jpg;/home/tom/telugu_data/ground_truth/sample_set/val/4/69/5.jpg;/home/tom/telugu_data/ground_truth/sample_set/val/4/69/6.jpg;/home/tom/telugu_data/ground_truth/sample_set/val/4/69/7.jpg;/home/tom/telugu_data/ground_truth/sample_set/val/4/69/8.jpg;/home/tom/telugu_data/ground_truth/sample_set/val/4/69/9.jpg;/home/tom/telugu_data/ground_truth/sample_set/val/4/69/10.jpg;/home/tom/telugu_data/ground_truth/sample_set/val/4/69/11.jpg;/home/tom/telugu_data/ground_truth/sample_set/val/4/69/12.jpg;/home/tom/telugu_data/ground_truth/sample_set/val/4/69/13.jpg;/home/tom/telugu_data/ground_truth/sample_set/val/4/69/14.jpg;/home/tom/telugu_data/ground_truth/sample_set/val/4/69/15.jpg;/home/tom/telugu_data/ground_truth/sample_set/val/4/69/16.jpg;/home/tom/telugu_data/ground_truth/sample_set/val/4/69/17.jpg;/home/tom/telugu_data/ground_truth/sample_set/val/4/69/18.jpg;/home/tom/telugu_data/ground_truth/sample_set/val/4/69/19.jpg;/home/tom/telugu_data/ground_truth/sample_set/val/4/69/20.jpg;/home/tom/telugu_data/ground_truth/sample_set/val/4/69/21.jpg;/home/tom/telugu_data/ground_truth/sample_set/val/4/69/22.jpg;/home/tom/telugu_data/ground_truth/sample_set/val/4/69/23.jpg;/home/tom/telugu_data/ground_truth/sample_set/val/4/69/24.jpg;/home/tom/telugu_data/ground_truth/sample_set/val/4/69/25.jpg;/home/tom/telugu_data/ground_truth/sample_set/val/4/69/26.jpg;/home/tom/telugu_data/ground_truth/sample_set/val/4/69/27.jpg;/home/tom/telugu_data/ground_truth/sample_set/val/4/69/28.jpg,0.6523605150214592,1.0,0.4642857142857143,2.0,0.4666666666666667,False,0.648068669527897,1.0714285714285714,0.14285714285714285,2.0,0.7083333333333334,False,False,
